<?xml version="1.0" encoding="UTF-8" ?>
<!DOCTYPE ldml SYSTEM "../../common/dtd/ldml.dtd">
<!--
Copyright © 1991-2014 Unicode, Inc.
CLDR data files are interpreted according to the LDML specification (http://unicode.org/reports/tr35/)
For terms of use, see http://www.unicode.org/copyright.html
-->
<ldml>
	<identity>
		<version number="$Revision: 11914 $"/>
		<language type="cs" /> 
	</identity>
		<collations>
			<collation type="search">
				<cr><![CDATA[
					[import und-u-co-search]
					# Below are the rules specific to cs.
					# These rules have more primary differences than the standard collation below.
					&A<á<<<Á
					&C<č<<<Č
					&D<ď<<<Ď
					&E<é<<<É<ě<<<Ě
					&I<í<<<Í
					&N<ň<<<Ň
					&O<ó<<<Ó
					&R<ř<<<Ř
					&S<š<<<Š
					&T<ť<<<Ť
					&U<ú<<<Ú<ů<<<Ů
					&Y<ý<<<Ý
					&Z<ž<<<Ž
				]]></cr>
			</collation>
			<collation type="standard" references="Ivan Poldauf: Velký česko-anglický slovník ISBN 80-902180-3">
				<cr><![CDATA[
					&C<č<<<Č
					&H<ch<<<cH<<<Ch<<<CH
					&R<ř<<<Ř
					&S<š<<<Š
					&Z<ž<<<Ž
				]]></cr>
			</collation>
			<collation type="digits-after" draft="unconfirmed">
				<cr><![CDATA[
					[reorder others digit]
					&C<č<<<Č
					&H<ch<<<cH<<<Ch<<<CH
					&R<ř<<<Ř
					&S<š<<<Š
					&Z<ž<<<Ž
				]]></cr>
			</collation>
		</collations>
</ldml>
