<?xml version="1.0" encoding="UTF-8" ?>
<!DOCTYPE ldml SYSTEM "../../common/dtd/ldml.dtd">
<!-- Copyright © 1991-2014 Unicode, Inc. -->
<!-- CLDR data files are interpreted according to the LDML specification (http://unicode.org/reports/tr35/) -->
<!-- For terms of use, see http://www.unicode.org/copyright.html -->
<ldml>
	<identity>
		<version number="$Revision: 11914 $"/>
		<language type="cu"/> 
	</identity>
	<collations>
		<collation type="standard">
                	<cr><![CDATA[
                [caseLevel on]
                [caseFirst upper]
                [backwards 2]
				& Е <<< Є
				& е <<< є
				& Ж < Ѕ
				& ж < ѕ
				& З <<< Ꙁ
				& з <<< ꙁ
				& И < І
				& и < і
				& Й = Й
				& й = й
				& ї = ї
				& Ї = Ї
				& Н < Ѻ <<< О <<< Ѡ = Ꙍ
				& н < ѻ <<< о <<< ѡ = ꙍ
				& Ꙍ҆̑ = Ѽ
				& ꙍ҆̑ = ѽ
				& Ѡт = Ѿ
				& ѡт = ѿ
				& Т < Ѹ = Оу = ОУ <<< Ꙋ <<< У
				& т < ѹ = оу <<< ꙋ <<< у
				& Э <<< Ѣ
				& э <<< ѣ
				& Я < Ꙗ  <<< Ѧ < Ѫ < Ѯ < Ѱ < Ѳ < Ѵ 
				& я < ꙗ <<< ѧ < ѫ  < ѯ < ѱ < ѳ < ѵ 
				& ѷ = ѷ
				& Ѷ = Ѷ
				& 🕀 < 🕁 < 🕂 < 🕃
				& [first primary ignorable] = \; = \: = \\ = \. = \- = \, = \* = – = — = \_ = ꙳ = ҂ =  ⃝ =  ҈ =  ҉=  ꙰=  ꙱=  ꙲
				& [first secondary ignorable] =  ҇ =  ꙼ = ꙾ <<  ҅ << ҆ <<  ́ << ̀ << ̑ <<  ҃ <<  ̆ <<  ̈ =  ̏ << ⷶ << ⷠ <<  ⷡ <<  ⷢ <<  ⷣ <<  ⷷ <<  ꙴ << ⷤ <<  ⷥ <<  ꙵ <<  ꙶ <<  ⷦ <<  ⷧ <<  ⷨ <<  ⷩ <<  ⷪ <<  ꙻ <<  ⷫ <<  ⷬ <<  ⷭ <<  ⷵ <<  ⷮ <<  ⷹ <<  ꙷ <<   ⷯ <<  ⷰ <<  ⷱ <<  ⷲ <<  ⷳ <<  ̾ =  ꙸ =  ⸯ <<  ꙹ <<  ꙿ =  ꙽ =  ꙺ <<  ⷺ <<  ⷻ <<  ⷼ <<  ⷽ <<  ⷾ  <<  ⷿ <<  ⷴ
			]]></cr>
		</collation>
	</collations>
</ldml>
