<?xml version="1.0" encoding="UTF-8" ?>
<!DOCTYPE ldml SYSTEM "../../common/dtd/ldml.dtd">
<!-- Copyright © 1991-2015 Unicode, Inc.
CLDR data files are interpreted according to the LDML specification (http://unicode.org/reports/tr35/)
For terms of use, see http://www.unicode.org/copyright.html
-->
<ldml>
	<identity>
		<version number="$Revision: 11914 $"/>
		<language type="bo"/>
	</identity>
	<localeDisplayNames>
		<languages>
			<language type="bn" draft="unconfirmed">བྷང་ག་ལའི་སྐད།</language>
			<language type="bo">བོད་སྐད་</language>
			<language type="da" draft="unconfirmed">ཏེན་མག་གི་སྐད།</language>
			<language type="de" draft="provisional">འཇར་མན་གྱི།</language>
			<language type="dz">རྫོང་ཁ</language>
			<language type="en">དབྱིན་ཇིའི་སྐད།</language>
			<language type="en_CA">དབྱིན་ཇིའི་སྐད། (ཁེ་ན་ཌ་)</language>
			<language type="en_GB">དབྱིན་ཇིའི་སྐད། (དབྱིན་ལན་)</language>
			<language type="en_US">དབྱིན་ཇིའི་སྐད། (ཨ་རི་)</language>
			<language type="es" draft="provisional">ཞི་པན་ཡའི།</language>
			<language type="fr" draft="provisional">ཧྥ་རན་སིའི་།</language>
			<language type="gaa" draft="unconfirmed">གཱ་སྐད།</language>
			<language type="gu" draft="unconfirmed">གུཇ་རཱཏི་སྐད།</language>
			<language type="hi">ཧིན་དི</language>
			<language type="id" draft="unconfirmed">ཨིན་དོ་ནི་སི་སྐད།</language>
			<language type="it" draft="provisional">དབྱི་ཏ་་ལའི་མི།</language>
			<language type="ja">ཉི་ཧོང་སྐད་</language>
			<language type="kn" draft="unconfirmed">ཀནྣ་ཌ་སྐད།</language>
			<language type="ko" draft="unconfirmed">ཁོ་རེ་ཡའི་སྐད།</language>
			<language type="la" draft="unconfirmed">ལཱ་ཏིན་སྐད།</language>
			<language type="mn" draft="unconfirmed">སོག་སྐད།</language>
			<language type="mr" draft="unconfirmed">མ་ར་ཐི་སྐད།</language>
			<language type="ms" draft="unconfirmed">མ་ལ་ཡ་སྐད།</language>
			<language type="my" draft="unconfirmed">འབར་མའི་སྐད།</language>
			<language type="ne">ནེ་པ་ལི</language>
			<language type="nl" draft="unconfirmed">ཧའོ་ལན་སྐད།</language>
			<language type="nn" draft="unconfirmed">ནོ་ཝེ་སྐད།</language>
			<language type="or" draft="unconfirmed">ཨཽ་རི་ཡ་སྐད།</language>
			<language type="pl" draft="unconfirmed">པོ་ལན་སྐད།</language>
			<language type="pt" draft="provisional">ཕི་ཐོ་ཡའི།</language>
			<language type="pt_BR" draft="provisional">པ་ཞའི་མི། ཕི་ཐོ་ཡའི་མི།</language>
			<language type="ru">ཨུ་རུ་སུ་སྐད་</language>
			<language type="sa" draft="unconfirmed">སཾ་སྐྲྀ་ཏ།</language>
			<language type="si" draft="unconfirmed">ཞི་ལན་སྐད།</language>
			<language type="sv" draft="unconfirmed">ཧྲུའི་ཏན་སྐད།</language>
			<language type="ta" draft="unconfirmed">ཏཱ་མིལ་སྐད།</language>
			<language type="te" draft="unconfirmed">ཏེ་ལུ་གུ་སྐད།</language>
			<language type="th" draft="unconfirmed">ཐའའི་ཡུལ་སྐད།</language>
			<language type="tr" draft="unconfirmed">ཐུར་ཁེའི་སྐད།</language>
			<language type="ug" draft="unconfirmed">ཡུ་གུར་སྐད།</language>
			<language type="uk" draft="unconfirmed">ཡུ་ཀྲ་ནི་སྐད།</language>
			<language type="und" draft="provisional">མིའི་ཤེས་རྟོགས་མ་བྱུང་བ། ཡང་ན་ཆད་ལྷག་ཅན་གྱི་སྐད་བརྡ།</language>
			<language type="ur" draft="unconfirmed">ཝུའུ་ཏུའུ་སྐད།</language>
			<language type="vi" draft="unconfirmed">ཡོ་ནན་སྐད།</language>
			<language type="zen" draft="unconfirmed">ཟེ་ན་གཱ་སྐད།</language>
			<language type="zh">རྒྱ་སྐད་</language>
			<language type="zh_Hans" draft="provisional">སྟབས་བརྡའི། ཀྲུང་གོའི།</language>
			<language type="zh_Hant" draft="provisional">སྲོལ་རྒྱུན་གྱི།</language>
			<language type="zu" draft="unconfirmed">ཟུ་ལུ་སྐད།</language>
			<language type="zun" draft="unconfirmed">ཟུ་ནི་སྐད།</language>
			<language type="zza">ཟ་ཟའ་སྐད།</language>
		</languages>
		<scripts>
			<script type="Arab" draft="provisional">འ་ལ་པོའི་སྐད་ཡིག་།</script>
			<script type="Cyrl" draft="provisional">གོ་སའི་ལ་ཧྥུ་སྐད་ཡིག་།</script>
			<script type="Deva" draft="unconfirmed">དེ་བ་ནཱ་ག་རཱི་སྐད་ཡིག</script>
			<script type="Gujr" draft="unconfirmed">གུཇ་རཱཏི་སྐད།</script>
			<script type="Hans">རྒྱ་ཡིག་གསར་པ།</script>
			<script type="Hant">རྒྱ་ཡིག་རྙིང་པ།</script>
			<script type="Latn" draft="provisional">ལ་ཏིན་སྐད་ཡིག་།</script>
			<script type="Mymr" draft="unconfirmed">འབར་མའི་སྐད་ཡིག</script>
			<script type="Tibt">བོད་ཡིག་</script>
			<script type="Zxxx">སྙན་བརྒྱུད། ཡིག་རིགས་སུ་མ་བཀོད་པའི་ཟིན་ཐོ།</script>
			<script type="Zzzz" draft="provisional">མིའི་ཤེས་རྟོགས་མ་བྱུང་བ། ཡང་ན་ཆད་ལྷག་ཅན་གྱི་ཟིན་བྲིས།</script>
		</scripts>
		<territories>
			<territory type="001">འཛམ་གླིང་།</territory>
			<territory type="002" draft="unconfirmed">ཨཕྲི་ཀ།</territory>
			<territory type="053" draft="unconfirmed">ཨསྟྲེ་ལི་ཡ་དང་། ནིའུ་ཛི་ལན྄ཌ།</territory>
			<territory type="142" draft="unconfirmed">ཨེ་ཤི་ཡ།</territory>
			<territory type="150" draft="unconfirmed">ཡུ་རོབ།</territory>
			<territory type="AD" draft="unconfirmed">ཨེན་ཌོ་ར།</territory>
			<territory type="AE" draft="unconfirmed">ཨ་རབ། ཨི་མི་རཊ྄། ཆིག་སྒྲིལ་རྒྱལ་ཁབ།</territory>
			<territory type="AF" draft="unconfirmed">ཨཕ་ག་ནི་སྟཱན།</territory>
			<territory type="AG" draft="unconfirmed">ཨེན་ཊི་གུ་དང་། བྷར་བུ་ཌ།</territory>
			<territory type="AI" draft="unconfirmed">ཨང་གུའི་ལ།</territory>
			<territory type="AL" draft="unconfirmed">ཨལ་བཱ་ནི་ཡ།</territory>
			<territory type="AM" draft="unconfirmed">ཨར་མེ་ནི་ཡ།</territory>
			<territory type="AO" draft="unconfirmed">ཨང་གཽ་ལ།</territory>
			<territory type="AQ" draft="unconfirmed">ལྷོ་རྩེའི་མཐའ་གླིང་།</territory>
			<territory type="AR" draft="unconfirmed">ཨར་ཇེན་ཊི་ན།</territory>
			<territory type="AT" draft="unconfirmed">ཨསྟྲི་ཡ།</territory>
			<territory type="AU" draft="unconfirmed">ཨསྟྲེ་ལི་ཡ།</territory>
			<territory type="AW" draft="unconfirmed">ཨ་རུ་བ།</territory>
			<territory type="AZ" draft="unconfirmed">ཨཛར་བཡེ་ཇན།</territory>
			<territory type="BA" draft="unconfirmed">བོསྣི་ཡ་དང་ཧརྫོ་གོ་ཝི་ན།</territory>
			<territory type="BB" draft="unconfirmed">བཱརྦ་ཌོས྄།</territory>
			<territory type="BD" draft="unconfirmed">བངྒ་ལ་དེཤ།</territory>
			<territory type="BE" draft="unconfirmed">བེལ་ཇི་ཡམ།</territory>
			<territory type="BF" draft="unconfirmed">བརཀི་ན། ཕསོ།</territory>
			<territory type="BG" draft="unconfirmed">བུལ་ག་རི་ཡ།</territory>
			<territory type="BH" draft="unconfirmed">བྷཱ་རེན།</territory>
			<territory type="BI" draft="unconfirmed">བུ་རུན་ཌི།</territory>
			<territory type="BJ" draft="unconfirmed">བཱེ་ནིན།</territory>
			<territory type="BM" draft="unconfirmed">བར་མུ་ཌ།</territory>
			<territory type="BN" draft="unconfirmed">བུ་རུ་ནེ།</territory>
			<territory type="BO" draft="unconfirmed">བོ་ལི་ཝིཡ།</territory>
			<territory type="BR" draft="unconfirmed">བ་རཱ་ཛིལ།</territory>
			<territory type="BS" draft="unconfirmed">བྷཱ་མས྄།</territory>
			<territory type="BT" draft="unconfirmed">འབྲུག་ཡུལ།</territory>
			<territory type="BW" draft="unconfirmed">བོཙ་ཝ་ན།</territory>
			<territory type="BY" draft="unconfirmed">བེ་ལུ་རུ་སུ།</territory>
			<territory type="BZ" draft="unconfirmed">བེ་ལིཛ།</territory>
			<territory type="CA" draft="unconfirmed">ཁེ་ན་ཌ།</territory>
			<territory type="CH" draft="unconfirmed">ཧྲུད་ཧྲི།</territory>
			<territory type="CI" draft="unconfirmed">ཀོ་ཊེ་ཌི། ཨི་ཝོ་རེ།</territory>
			<territory type="CK" draft="unconfirmed">ཀཱུག གླིང་ཕྲེན་རྒྱལ་ཁབ།</territory>
			<territory type="CL" draft="unconfirmed">ཅི་ལི།</territory>
			<territory type="CM" draft="unconfirmed">ཀ་མེ་རུན།</territory>
			<territory type="CN">རྒྱ་ནག</territory>
			<territory type="CO" draft="unconfirmed">ཀོ་ལོམ་བི་ཡ།</territory>
			<territory type="CR" draft="unconfirmed">ཀོ་ས྄ཊ་རི་ཀ།</territory>
			<territory type="CU" draft="unconfirmed">ཁྱུའུ་བ།</territory>
			<territory type="CY" draft="unconfirmed">སཱཡེ་པ་རས྄།</territory>
			<territory type="CZ" draft="unconfirmed">ཅཻག་སྤྱི་མཐུན་རྒྱལ་ཁབ།</territory>
			<territory type="DE">འཇར་མན་</territory>
			<territory type="DJ" draft="unconfirmed">ཛི་བུ་ཏི།</territory>
			<territory type="DK" draft="unconfirmed">ཌེན་མཱརྐ།</territory>
			<territory type="DM" draft="unconfirmed">ཌོ་མིན་ནི་ཀ།</territory>
			<territory type="DO" draft="unconfirmed">ཌོ་མིནནི་ཀན་སྤྱི་མཐུན་རྒྱལ་ཁབ།</territory>
			<territory type="DZ" draft="unconfirmed">ཨལ་ཇི་རི་ཡ།</territory>
			<territory type="EC" draft="unconfirmed">ཨི་ཁྭ་ཌོར།</territory>
			<territory type="EE" draft="unconfirmed">ཨིསྟོ་ནི་ཡ།</territory>
			<territory type="EG" draft="unconfirmed">ཨི་ཇིབྚ།</territory>
			<territory type="ER" draft="unconfirmed">ཨེ་རི་ཏྲེ་ཨ།</territory>
			<territory type="ES" draft="unconfirmed">སི་པན།</territory>
			<territory type="ET" draft="unconfirmed">ཨི་ཐིའོ་པི་ཡ།</territory>
			<territory type="FI" draft="unconfirmed">ཕིན་ལན྄ཌ།</territory>
			<territory type="FJ" draft="unconfirmed">ཕི་ཇི།</territory>
			<territory type="FK" draft="unconfirmed">ཕལྐ་ལནྜ་གླིང་ཕྲན།</territory>
			<territory type="FR" draft="unconfirmed">ཕ་རཱན་སི།</territory>
			<territory type="GA" draft="unconfirmed">གེ་བཽན།</territory>
			<territory type="GB">དབྱིན་ཇི་</territory>
			<territory type="GD" draft="unconfirmed">གྷ་རི་ན་ཌ།</territory>
			<territory type="GE" draft="unconfirmed">ཇོར་ཇི་ཡ།</territory>
			<territory type="GH" draft="unconfirmed">གྷ་ན།</territory>
			<territory type="GI" draft="unconfirmed">ཇིབ་རཱལ་ཊར།</territory>
			<territory type="GM" draft="unconfirmed">གྷམ་བི་ཡ།</territory>
			<territory type="GN" draft="unconfirmed">གྷི་ནི་ཡ།</territory>
			<territory type="GR" draft="unconfirmed">གྷི་རཱི་སི།</territory>
			<territory type="GT" draft="unconfirmed">གྷོ་ཊེ་མ་ལ།</territory>
			<territory type="GW" draft="unconfirmed">གྷི་ནི་ཡ་བིས྄་སོ།</territory>
			<territory type="GY" draft="unconfirmed">གྷུ་ཡཱ་ན།</territory>
			<territory type="HK" alt="short" draft="unconfirmed">ཧོང་ཀོང༌།</territory>
			<territory type="HN" draft="unconfirmed">ཧོན་དུ་རས྄།</territory>
			<territory type="HR" draft="unconfirmed">ཀུརོ་ཤི་ཡ།</territory>
			<territory type="HT" draft="unconfirmed">ཧེ་ཏི།</territory>
			<territory type="HU" draft="unconfirmed">ཧངྒ་རི།</territory>
			<territory type="ID" draft="unconfirmed">ཨིན་ཌོ་ནེ་ཤི་ཡ།</territory>
			<territory type="IE" draft="unconfirmed">ཨ་ཡར་ལནཌ།</territory>
			<territory type="IL" draft="unconfirmed">ཨི་ཛ྄་རེལ།</territory>
			<territory type="IN">རྒྱ་གར་</territory>
			<territory type="IQ" draft="unconfirmed">ཨི་རག།</territory>
			<territory type="IR" draft="unconfirmed">ཨི་རཱན།</territory>
			<territory type="IS" draft="unconfirmed">ཨ་ཨི་སི་ལནད།</territory>
			<territory type="IT">ཨི་ཀྲར་ལི་</territory>
			<territory type="JM" draft="unconfirmed">ཛ་མེ་ཀ།</territory>
			<territory type="JO" draft="unconfirmed">ཇོར་ཌན།</territory>
			<territory type="JP">ཉི་ཧོང་</territory>
			<territory type="KE" draft="unconfirmed">ཁེན་ཉི་ཡ།</territory>
			<territory type="KG" draft="unconfirmed">ཁིར་གིཛ་སྟཱན།</territory>
			<territory type="KH" draft="unconfirmed">ཀམ་བོ་ཌི་ཡ།</territory>
			<territory type="KI" draft="unconfirmed">ཀི་རི་བཱ་ཏི།</territory>
			<territory type="KN" draft="unconfirmed">སེནྚ། ཀིཊྚས྄། དང༌། ནེ་བིས྄།</territory>
			<territory type="KR">ལྷོ་ཀོ་རི་ཡ།</territory>
			<territory type="KW" draft="unconfirmed">ཀུ་ཝེད་རྒྱལ་ཁབ།</territory>
			<territory type="KY" draft="unconfirmed">ཁེ་མེན་གླིང་ཕྲན།</territory>
			<territory type="KZ" draft="unconfirmed">ཁ་ཛཱག་སྟཱན།</territory>
			<territory type="LA" draft="unconfirmed">ལཱ་འོས།</territory>
			<territory type="LB" draft="unconfirmed">ལེབ་ནོན།</territory>
			<territory type="LC" draft="unconfirmed">སེནྚ། ལུ་ཤི་ཡ།</territory>
			<territory type="LI" draft="unconfirmed">ལེག་ཏེན་ཚིན།</territory>
			<territory type="LK" draft="unconfirmed">ཤྲཱི་ལངྐ་།</territory>
			<territory type="LR" draft="unconfirmed">ལི་བེ་རི་ཡ།</territory>
			<territory type="LS" draft="unconfirmed">ལེ་སོ་ཐོ།</territory>
			<territory type="LT" draft="unconfirmed">ལི་ཐུ་ཨེ་ནི་ཡ།</territory>
			<territory type="LU" draft="unconfirmed">ལཀ་ཛམ་བོརྒ།</territory>
			<territory type="LV" draft="unconfirmed">ལཏ་བི་ཡ།</territory>
			<territory type="LY" draft="unconfirmed">ལི་བི་ཡ།</territory>
			<territory type="MA" draft="unconfirmed">མོ་རོ་ཀྐོ།</territory>
			<territory type="MC" draft="unconfirmed">མོ་ན་ཀོ།</territory>
			<territory type="MG" draft="unconfirmed">མ་དཱ་གྷསྐཱར།</territory>
			<territory type="MH" draft="unconfirmed">མཱར་ཤལ་གླིང་ཕྲེན།</territory>
			<territory type="ML" draft="unconfirmed">མ་ལི།</territory>
			<territory type="MM" draft="unconfirmed">འབར་མ།</territory>
			<territory type="MN" draft="unconfirmed">སོག་ཡུལ།</territory>
			<territory type="MO" alt="short" draft="unconfirmed">མེ་ཀའོ།</territory>
			<territory type="MR" draft="unconfirmed">མཽ་རི་ཏ་ནི་ཡ།</territory>
			<territory type="MT" draft="unconfirmed">མལ་ཊ།</territory>
			<territory type="MU" draft="unconfirmed">མཽ་རིཤས྄།</territory>
			<territory type="MV" draft="unconfirmed">མལ་དྭིབ།</territory>
			<territory type="MW" draft="unconfirmed">མཱ་ལཱ་ཝི།</territory>
			<territory type="MX" draft="unconfirmed">མེཀ་སི་ཀོ།</territory>
			<territory type="MY" draft="unconfirmed">མ་ལེ་ཤི་ཡ།</territory>
			<territory type="MZ" draft="unconfirmed">མོ་ཛམ་བིག།</territory>
			<territory type="NA" draft="unconfirmed">ན་མི་བི་ཡ།</territory>
			<territory type="NE" draft="unconfirmed">ནའི་ཇར།</territory>
			<territory type="NG" draft="unconfirmed">ནཱའི་ཇི་རི་ཡ།</territory>
			<territory type="NI" draft="unconfirmed">ནི་ཀ་ར་གུ་ཨ།</territory>
			<territory type="NL" draft="unconfirmed">ཧའོ་ལན།</territory>
			<territory type="NO" draft="unconfirmed">ནོར་ཝེ།</territory>
			<territory type="NP">བལ་ཡུལ་</territory>
			<territory type="NR" draft="unconfirmed">ནཽ་རུ།</territory>
			<territory type="NU" draft="unconfirmed">ནིའུ་ཝ།</territory>
			<territory type="NZ" draft="unconfirmed">ནིའུ་ཛི་ལན྄ཌ།</territory>
			<territory type="OM" draft="unconfirmed">ཨོ་མན།</territory>
			<territory type="PA" draft="unconfirmed">པ་ནཱ་མ།</territory>
			<territory type="PE" draft="unconfirmed">པེ་རུ།</territory>
			<territory type="PG" draft="unconfirmed">པ་པུ་ཨ། ནིའུ། གྷི་ནི།</territory>
			<territory type="PH" draft="unconfirmed">ཕི་ལི་པིནས྄།</territory>
			<territory type="PK" draft="unconfirmed">པཀི་སྟཱན།</territory>
			<territory type="PL" draft="unconfirmed">པོ་ལནྜ།</territory>
			<territory type="PT" draft="unconfirmed">པོར་ཏུ་གྷལ།</territory>
			<territory type="PW" draft="unconfirmed">པ་ལཽ།</territory>
			<territory type="PY" draft="unconfirmed">པཱ་ར་གེ།</territory>
			<territory type="QA" draft="unconfirmed">ཀ་ཏཱར།</territory>
			<territory type="RO" draft="unconfirmed">རོ་མཱ་ནིཡ།</territory>
			<territory type="RS" draft="unconfirmed">སེར་བི་ཡ།</territory>
			<territory type="RU">ཨུ་རུ་སུ་</territory>
			<territory type="RW" draft="unconfirmed">རུ་ཝན་ཌ།</territory>
			<territory type="SA" draft="unconfirmed">སཽ་དྷི་ཨ་རཱ་བི་ཡ།</territory>
			<territory type="SB" draft="unconfirmed">སོ་ལོ་མོན། གླིང་ཕྲན་ཚོ་ཁག།</territory>
			<territory type="SC" draft="unconfirmed">སཱ་ཤཻལ།</territory>
			<territory type="SD" draft="unconfirmed">སུ་དཱན།</territory>
			<territory type="SE" draft="unconfirmed">ཧྲུའི་ཏན།</territory>
			<territory type="SG" draft="unconfirmed">སིངྒ་པུར།</territory>
			<territory type="SH" draft="unconfirmed">སེནྚ། ཧེ་ལི་ན།</territory>
			<territory type="SI" draft="unconfirmed">ས་ལཽ་ཝེ་ནི་ཡ།</territory>
			<territory type="SK" draft="unconfirmed">ས་ལཽ་ཝཀྱ།</territory>
			<territory type="SL" draft="unconfirmed">སེ་ཡར་ར། ལིའོན།</territory>
			<territory type="SM" draft="unconfirmed">སན་མེ་རི་ནོ།</territory>
			<territory type="SN" draft="unconfirmed">སེ་ནི་གྷལ།</territory>
			<territory type="SO" draft="unconfirmed">སོ་མཱལི་ཡ།</territory>
			<territory type="SR" draft="unconfirmed">སུ་རི་ནཱམ།</territory>
			<territory type="ST" draft="unconfirmed">ས་འོ་ཏོད་མད། དང༌། པ྄རིན་སི་པེ།</territory>
			<territory type="SV" draft="unconfirmed">ཨེལ། སཱལ་ཝ་ཌོར།</territory>
			<territory type="TD" draft="unconfirmed">ཅཻཌ།</territory>
			<territory type="TR" draft="unconfirmed">ཏུརཀི།</territory>
			<territory type="TV" draft="unconfirmed">ཐུ་ཝ་ལུ།</territory>
			<territory type="UA" draft="unconfirmed">ཡུ་ཀྲན།</territory>
			<territory type="UG" draft="unconfirmed">ཡུ་གན་ཌ།</territory>
			<territory type="US">ཨ་མེ་རི་ཀ།</territory>
			<territory type="UY" draft="unconfirmed">ཨུ་རུ་གྷེ།</territory>
			<territory type="UZ" draft="unconfirmed">ཨུཛ་བེ་ཀིསྟཱན།</territory>
			<territory type="VA" draft="unconfirmed">ཝེ་ཊི་ཀན།</territory>
			<territory type="VC" draft="unconfirmed">སེནྚ། ཝིན་སན། དང༌། གྷིརིན་ཌིན།</territory>
			<territory type="VE" draft="unconfirmed">ཝེ་ནི་ཛུའེ་ལ།</territory>
			<territory type="VN" draft="unconfirmed">བི་དི་ནམ།</territory>
			<territory type="VU" draft="unconfirmed">ཝ་ནུ་ཨ་ཐུ།</territory>
			<territory type="WS" draft="unconfirmed">ནུ་བ་ས་མོ་འ།</territory>
			<territory type="YE" draft="unconfirmed">ཡེ་མེན།</territory>
			<territory type="ZA" draft="unconfirmed">ལྷོ་ ཨཕྲི་ཀ།</territory>
			<territory type="ZM" draft="unconfirmed">ཛམ་བི་ཡ།</territory>
			<territory type="ZW" draft="unconfirmed">ཛིམ་བྷཱ་བེ།</territory>
			<territory type="ZZ">མིའི་ཤེས་རྟོགས་མ་བྱུང་བའི་ཁོར་ཡུག</territory>
		</territories>
		<variants>
			<variant type="PINYIN" draft="unconfirmed">པིན་ཡིན།</variant>
		</variants>
		<measurementSystemNames>
			<measurementSystemName type="US" draft="unconfirmed">ཨ་མེ་རི་ཀའི།</measurementSystemName>
		</measurementSystemNames>
	</localeDisplayNames>
	<characters>
		<exemplarCharacters>[\u0F7E ཿ ཀ {ཀ\u0FB5} \u0F90 {\u0F90\u0FB5} ཁ \u0F91 ག {ག\u0FB7} \u0F92 {\u0F92\u0FB7} ང \u0F94 ཅ \u0F95 ཆ \u0F96 ཇ \u0F97 ཉ \u0F99 ཊ \u0F9A ཋ \u0F9B ཌ {ཌ\u0FB7} \u0F9C {\u0F9C\u0FB7} ཎ \u0F9E ཏ \u0F9F ཐ \u0FA0 ད {ད\u0FB7} \u0FA1 {\u0FA1\u0FB7} ན \u0FA3 པ \u0FA4 ཕ \u0FA5 བ {བ\u0FB7} \u0FA6 {\u0FA6\u0FB7} མ \u0FA8 ཙ \u0FA9 ཚ \u0FAA ཛ {ཛ\u0FB7} \u0FAB {\u0FAB\u0FB7} ཝ \u0FAD \u0FBA ཞ \u0FAE ཟ \u0FAF འ \u0FB0 ཡ \u0FB1 \u0FBB ར ཪ \u0FB2 \u0FBC ལ \u0FB3 ཤ \u0FB4 ཥ \u0FB5 ས \u0FB6 ཧ \u0FB7 ཨ \u0FB8 \u0F72 {\u0F71\u0F72} \u0F80 {\u0F71\u0F80} \u0F74 {\u0F71\u0F74} {\u0FB2\u0F80} \u0F77 {\u0FB3\u0F80} \u0F79 \u0F7A \u0F7B \u0F7C \u0F7D \u0F84]</exemplarCharacters>
		<exemplarCharacters type="auxiliary">[ༀ]</exemplarCharacters>
		<exemplarCharacters type="index" draft="contributed">[ཀ ཁ ག ང ཅ ཆ ཇ ཉ ཏ ཐ ད ན པ ཕ བ མ ཙ ཚ ཛ ཝ ཞ ཟ འ ཡ ར ལ ཤ ས ཧ ཨ]</exemplarCharacters>
		<exemplarCharacters type="punctuation" draft="unconfirmed">[\: ་ །]</exemplarCharacters>
	</characters>
	<dates>
		<calendars>
			<calendar type="generic">
				<dateFormats>
					<dateFormatLength type="long">
						<dateFormat>
							<pattern>G སྤྱི་ལོ་y MMMMའི་ཚེས་d</pattern>
						</dateFormat>
					</dateFormatLength>
					<dateFormatLength type="medium">
						<dateFormat>
							<pattern>G y ལོའི་MMMཚེས་d</pattern>
						</dateFormat>
					</dateFormatLength>
				</dateFormats>
				<dateTimeFormats>
					<availableFormats>
						<dateFormatItem id="yMMMd">G y ལོའི་MMMཚེས་d</dateFormatItem>
						<dateFormatItem id="yMMMMd">G སྤྱི་ལོ་y MMMMའི་ཚེས་d</dateFormatItem>
						<dateFormatItem id="yyyyMMMd">G y ལོའི་MMMཚེས་d</dateFormatItem>
					</availableFormats>
				</dateTimeFormats>
			</calendar>
			<calendar type="gregorian">
				<months>
					<monthContext type="format">
						<monthWidth type="abbreviated">
							<month type="1">ཟླ་༡</month>
							<month type="2">ཟླ་༢</month>
							<month type="3">ཟླ་༣</month>
							<month type="4">ཟླ་༤</month>
							<month type="5">ཟླ་༥</month>
							<month type="6">ཟླ་༦</month>
							<month type="7">ཟླ་༧</month>
							<month type="8">ཟླ་༨</month>
							<month type="9">ཟླ་༩</month>
							<month type="10">ཟླ་༡༠</month>
							<month type="11">ཟླ་༡༡</month>
							<month type="12">ཟླ་༡༢</month>
						</monthWidth>
						<monthWidth type="wide">
							<month type="1">ཟླ་བ་དང་པོ</month>
							<month type="2">ཟླ་བ་གཉིས་པ</month>
							<month type="3">ཟླ་བ་གསུམ་པ</month>
							<month type="4">ཟླ་བ་བཞི་པ</month>
							<month type="5">ཟླ་བ་ལྔ་པ</month>
							<month type="6">ཟླ་བ་དྲུག་པ</month>
							<month type="7">ཟླ་བ་བདུན་པ</month>
							<month type="8">ཟླ་བ་བརྒྱད་པ</month>
							<month type="9">ཟླ་བ་དགུ་པ</month>
							<month type="10">ཟླ་བ་བཅུ་པ</month>
							<month type="11">ཟླ་བ་བཅུ་གཅིག་པ</month>
							<month type="12">ཟླ་བ་བཅུ་གཉིས་པ</month>
						</monthWidth>
					</monthContext>
					<monthContext type="stand-alone">
						<monthWidth type="wide">
							<month type="1">ཟླ་བ་དང་པོ་</month>
							<month type="2">ཟླ་བ་གཉིས་པ་</month>
							<month type="3">ཟླ་བ་གསུམ་པ་</month>
							<month type="4">ཟླ་བ་བཞི་པ་</month>
							<month type="5">ཟླ་བ་ལྔ་པ་</month>
							<month type="6">ཟླ་བ་དྲུག་པ་</month>
							<month type="7">ཟླ་བ་བདུན་པ་</month>
							<month type="8">ཟླ་བ་བརྒྱད་པ་</month>
							<month type="9">ཟླ་བ་དགུ་པ་</month>
							<month type="10">ཟླ་བ་བཅུ་པ་</month>
							<month type="11">ཟླ་བ་བཅུ་གཅིག་པ་</month>
							<month type="12">ཟླ་བ་བཅུ་གཉིས་པ་</month>
						</monthWidth>
					</monthContext>
				</months>
				<days>
					<dayContext type="format">
						<dayWidth type="abbreviated">
							<day type="sun">ཉི་མ་</day>
							<day type="mon">ཟླ་བ་</day>
							<day type="tue">མིག་དམར་</day>
							<day type="wed">ལྷག་པ་</day>
							<day type="thu">ཕུར་བུ་</day>
							<day type="fri">པ་སངས་</day>
							<day type="sat">སྤེན་པ་</day>
						</dayWidth>
						<dayWidth type="narrow">
							<day type="sun">ཉི</day>
							<day type="mon">ཟླ</day>
							<day type="tue">མིག</day>
							<day type="wed">ལྷག</day>
							<day type="thu">ཕུར</day>
							<day type="fri">སངས</day>
							<day type="sat">སྤེན</day>
						</dayWidth>
						<dayWidth type="wide">
							<day type="sun">གཟའ་ཉི་མ་</day>
							<day type="mon">གཟའ་ཟླ་བ་</day>
							<day type="tue">གཟའ་མིག་དམར་</day>
							<day type="wed">གཟའ་ལྷག་པ་</day>
							<day type="thu">གཟའ་ཕུར་བུ་</day>
							<day type="fri">གཟའ་པ་སངས་</day>
							<day type="sat">གཟའ་སྤེན་པ་</day>
						</dayWidth>
					</dayContext>
					<dayContext type="stand-alone">
						<dayWidth type="abbreviated">
							<day type="sun">ཉི་མ་</day>
							<day type="mon">ཟླ་བ་</day>
							<day type="tue">མིག་དམར་</day>
							<day type="wed">ལྷག་པ་</day>
							<day type="thu">ཕུར་བུ་</day>
							<day type="fri">པ་སངས་</day>
							<day type="sat">སྤེན་པ་</day>
						</dayWidth>
						<dayWidth type="narrow">
							<day type="sun">ཉི</day>
							<day type="mon">ཟླ</day>
							<day type="tue">མིག</day>
							<day type="wed">ལྷག</day>
							<day type="thu">ཕུར</day>
							<day type="fri">སངས</day>
							<day type="sat">སྤེན</day>
						</dayWidth>
						<dayWidth type="wide">
							<day type="sun">གཟའ་ཉི་མ་</day>
							<day type="mon">གཟའ་ཟླ་བ་</day>
							<day type="tue">གཟའ་མིག་དམར་</day>
							<day type="wed">གཟའ་ལྷག་པ་</day>
							<day type="thu">གཟའ་ཕུར་བུ་</day>
							<day type="fri">གཟའ་པ་སངས་</day>
							<day type="sat">གཟའ་སྤེན་པ་</day>
						</dayWidth>
					</dayContext>
				</days>
				<quarters>
					<quarterContext type="format">
						<quarterWidth type="abbreviated">
							<quarter type="1">དུས་ཚིགས་དང་པོ།</quarter>
							<quarter type="2">དུས་ཚིགས་གཉིས་པ།</quarter>
							<quarter type="3">དུས་ཚིགས་གསུམ་པ།</quarter>
							<quarter type="4">དུས་ཚིགས་བཞི་པ།</quarter>
						</quarterWidth>
						<quarterWidth type="wide">
							<quarter type="1">དུས་ཚིགས་དང་པོ།</quarter>
							<quarter type="2">དུས་ཚིགས་གཉིས་པ།</quarter>
							<quarter type="3">དུས་ཚིགས་གསུམ་པ།</quarter>
							<quarter type="4">དུས་ཚིགས་བཞི་པ།</quarter>
						</quarterWidth>
					</quarterContext>
					<quarterContext type="stand-alone">
						<quarterWidth type="abbreviated">
							<quarter type="1">དུས་ཚིགས་དང་པོ།</quarter>
							<quarter type="2">དུས་ཚིགས་གཉིས་པ།</quarter>
							<quarter type="3">དུས་ཚིགས་གསུམ་པ།</quarter>
							<quarter type="4">དུས་ཚིགས་བཞི་པ།</quarter>
						</quarterWidth>
						<quarterWidth type="wide">
							<quarter type="1">དུས་ཚིགས་དང་པོ།</quarter>
							<quarter type="2">དུས་ཚིགས་གཉིས་པ།</quarter>
							<quarter type="3">དུས་ཚིགས་གསུམ་པ།</quarter>
							<quarter type="4">དུས་ཚིགས་བཞི་པ།</quarter>
						</quarterWidth>
					</quarterContext>
				</quarters>
				<dayPeriods>
					<dayPeriodContext type="format">
						<dayPeriodWidth type="wide">
							<dayPeriod type="am">སྔ་དྲོ་</dayPeriod>
							<dayPeriod type="pm">ཕྱི་དྲོ་</dayPeriod>
						</dayPeriodWidth>
					</dayPeriodContext>
				</dayPeriods>
				<eras>
					<eraAbbr>
						<era type="0">སྤྱི་ལོ་སྔོན་</era>
						<era type="1">སྤྱི་ལོ་</era>
					</eraAbbr>
				</eras>
				<dateFormats>
					<dateFormatLength type="full">
						<dateFormat>
							<pattern>y MMMMའི་ཚེས་d, EEEE</pattern>
						</dateFormat>
					</dateFormatLength>
					<dateFormatLength type="long">
						<dateFormat>
							<pattern>སྤྱི་ལོ་y MMMMའི་ཚེས་d</pattern>
						</dateFormat>
					</dateFormatLength>
					<dateFormatLength type="medium">
						<dateFormat>
							<pattern>y ལོའི་MMMཚེས་d</pattern>
						</dateFormat>
					</dateFormatLength>
					<dateFormatLength type="short">
						<dateFormat>
							<pattern>y-MM-dd</pattern>
						</dateFormat>
					</dateFormatLength>
				</dateFormats>
				<timeFormats>
					<timeFormatLength type="full">
						<timeFormat>
							<pattern>h:mm:ss a zzzz</pattern>
						</timeFormat>
					</timeFormatLength>
					<timeFormatLength type="long">
						<timeFormat>
							<pattern>h:mm:ss a z</pattern>
						</timeFormat>
					</timeFormatLength>
					<timeFormatLength type="medium">
						<timeFormat>
							<pattern>h:mm:ss a</pattern>
						</timeFormat>
					</timeFormatLength>
					<timeFormatLength type="short">
						<timeFormat>
							<pattern>h:mm a</pattern>
						</timeFormat>
					</timeFormatLength>
				</timeFormats>
				<dateTimeFormats>
					<availableFormats>
						<dateFormatItem id="GyMMM">G y LLLL</dateFormatItem>
						<dateFormatItem id="MMMd">MMMཚེས་d</dateFormatItem>
						<dateFormatItem id="MMMEd">MMMཚེས་d, E</dateFormatItem>
						<dateFormatItem id="MMMMd">MMMMའི་ཚེས་d</dateFormatItem>
						<dateFormatItem id="yMMM">y LLL</dateFormatItem>
						<dateFormatItem id="yMMMd">y ལོའི་MMMཚེས་d</dateFormatItem>
						<dateFormatItem id="yMMMMd">སྤྱི་ལོ་y MMMMའི་ཚེས་d</dateFormatItem>
					</availableFormats>
				</dateTimeFormats>
			</calendar>
		</calendars>
		<fields>
			<field type="era">
				<displayName draft="provisional">ལོ་རིམ།</displayName>
			</field>
			<field type="year">
				<displayName draft="contributed">ལོ།</displayName>
			</field>
			<field type="month">
				<displayName>ཟླ་བ་</displayName>
			</field>
			<field type="week">
				<displayName draft="provisional">གཟའ་འཁོར།</displayName>
			</field>
			<field type="day">
				<displayName draft="contributed">ཉིན།</displayName>
				<relative type="-2">ཁས་ཉིན་</relative>
				<relative type="-1">ཁས་ས་</relative>
				<relative type="0">དེ་རིང་</relative>
				<relative type="1">སང་ཉིན་</relative>
				<relative type="2">གནངས་ཉིན་</relative>
			</field>
			<field type="weekday">
				<displayName draft="provisional">གཟའ་འཁོར་གཅིག</displayName>
			</field>
			<field type="dayperiod">
				<displayName draft="provisional">སྔ་དྲོ། ཕྱི་དྲོ།</displayName>
			</field>
			<field type="hour">
				<displayName>ཆུ་ཚོད་</displayName>
			</field>
			<field type="minute">
				<displayName draft="contributed">སྐར་མ།</displayName>
			</field>
			<field type="second">
				<displayName draft="contributed">སྐར་ཆ།</displayName>
			</field>
			<field type="zone">
				<displayName draft="contributed">དུས་ཚོད།</displayName>
			</field>
		</fields>
		<timeZoneNames>
			<zone type="Etc/Unknown">
				<exemplarCity>མ་རྟོགས་པ</exemplarCity>
			</zone>
		</timeZoneNames>
	</dates>
	<numbers>
		<defaultNumberingSystem>latn</defaultNumberingSystem>
		<otherNumberingSystems>
			<native>tibt</native>
		</otherNumberingSystems>
		<symbols numberSystem="latn">
			<decimal draft="provisional">.</decimal>
			<group draft="contributed">,</group>
			<nan>NaN</nan>
		</symbols>
		<symbols numberSystem="tibt">
			<nan>ཨང་མེན་</nan>
		</symbols>
		<decimalFormats numberSystem="latn">
			<decimalFormatLength>
				<decimalFormat>
					<pattern draft="unconfirmed">#,##0.###</pattern>
				</decimalFormat>
			</decimalFormatLength>
		</decimalFormats>
		<percentFormats numberSystem="latn">
			<percentFormatLength>
				<percentFormat>
					<pattern draft="contributed">#,##0%</pattern>
				</percentFormat>
			</percentFormatLength>
		</percentFormats>
		<currencyFormats numberSystem="latn">
			<currencyFormatLength>
				<currencyFormat type="standard">
					<pattern draft="unconfirmed">¤ #,##0.00</pattern>
				</currencyFormat>
			</currencyFormatLength>
			<currencyFormatLength type="short">
				<currencyFormat type="standard">
					<pattern type="1000" count="other" draft="provisional">¤ 0K</pattern>
					<pattern type="10000" count="other" draft="provisional">¤ 00K</pattern>
					<pattern type="100000" count="other" draft="provisional">¤ 000K</pattern>
					<pattern type="1000000" count="other" draft="provisional">¤ 0M</pattern>
					<pattern type="10000000" count="other" draft="provisional">¤ 00M</pattern>
					<pattern type="100000000" count="other" draft="provisional">¤ 000M</pattern>
					<pattern type="1000000000" count="other" draft="provisional">¤ 0G</pattern>
					<pattern type="10000000000" count="other" draft="provisional">¤ 00G</pattern>
					<pattern type="100000000000" count="other" draft="provisional">¤ 000G</pattern>
					<pattern type="1000000000000" count="other" draft="provisional">¤ 0T</pattern>
					<pattern type="10000000000000" count="other" draft="provisional">¤ 00T</pattern>
					<pattern type="100000000000000" count="other" draft="provisional">¤ 000T</pattern>
				</currencyFormat>
			</currencyFormatLength>
		</currencyFormats>
		<currencies>
			<currency type="CNY">
				<displayName>ཡུ་ཨན་</displayName>
				<symbol>¥</symbol>
			</currency>
			<currency type="INR">
				<displayName>རྒྱ་གར་སྒོར་</displayName>
			</currency>
			<currency type="USD">
				<displayName>ཨ་རིའི་སྒོར་</displayName>
			</currency>
			<currency type="XXX">
				<displayName>མ་རྟོགས་པའི་ནུས་མེད་དངུལ་ལོར</displayName>
			</currency>
		</currencies>
	</numbers>
	<posix>
		<messages>
			<yesstr>ཡིན།:Y</yesstr>
			<nostr>མིན།:N</nostr>
		</messages>
	</posix>
</ldml>

