<?xml version="1.0" encoding="UTF-8" ?>
<!DOCTYPE ldml SYSTEM "../../common/dtd/ldml.dtd">
<!-- Copyright © 1991-2015 Unicode, Inc.
CLDR data files are interpreted according to the LDML specification (http://unicode.org/reports/tr35/)
For terms of use, see http://www.unicode.org/copyright.html
-->
<ldml>
	<identity>
		<version number="$Revision: 11914 $"/>
		<language type="bo"/>
		<territory type="IN"/>
	</identity>
	<localeDisplayNames>
		<territories>
			<territory type="009">ཨོཤི་ཡཱན་ན།</territory>
		</territories>
	</localeDisplayNames>
	<numbers>
		<currencies>
			<currency type="CNY">
				<symbol>CN¥</symbol>
			</currency>
		</currencies>
	</numbers>
</ldml>

