<?xml version="1.0" encoding="UTF-8" ?>
<!DOCTYPE ldml SYSTEM "../../common/dtd/ldml.dtd">
<!-- Copyright © 1991-2014 Unicode, Inc.
CLDR data files are interpreted according to the LDML specification (http://unicode.org/reports/tr35/)
For terms of use, see http://www.unicode.org/copyright.html
-->
<ldml>
	<identity>
		<version number="$Revision: 11994 $"/>
		<language type="ckb"/>
	</identity>
	<localeDisplayNames>
		<languages>
			<language type="af" draft="unconfirmed">ئه‌فریكای</language>
			<language type="am">ئەمهەرینجی</language>
			<language type="ar">عەرەبی</language>
			<language type="as">ئاسامی</language>
			<language type="az">ئازەربایجانی</language>
			<language type="az" alt="short">ئازەربایجانی</language>
			<language type="az_Arab">ئازەربایجانی باشووری</language>
			<language type="be">بێلاڕووسی</language>
			<language type="bg">بۆلگاری</language>
			<language type="bn">بەنگلادێشی</language>
			<language type="br">برێتونی</language>
			<language type="bs">بۆسنی</language>
			<language type="ca">كاتالۆنی</language>
			<language type="ckb">کوردیی ناوەندی</language>
			<language type="cs">چەكی</language>
			<language type="cy">وێلزی</language>
			<language type="da">دانماركی</language>
			<language type="de">ئاڵمانی</language>
			<language type="el">یۆنانی</language>
			<language type="en">ئینگلیزی</language>
			<language type="en_AU">ئینگلیزیی ئۆسترالیایی</language>
			<language type="en_CA">ئینگلیزیی کەنەدایی</language>
			<language type="en_GB">ئینگلیزیی بریتانیایی</language>
			<language type="en_US">ئینگلیزیی ئەمەریکایی</language>
			<language type="en_US" alt="short">ئینگلیزیی ئەمەریکایی</language>
			<language type="eo">ئێسپیرانتۆ</language>
			<language type="es">ئیسپانی</language>
			<language type="et">ئیستۆنی</language>
			<language type="eu">باسکی</language>
			<language type="fa">فارسی</language>
			<language type="fi">فینلەندی</language>
			<language type="fil" draft="unconfirmed">تاگالۆگی</language>
			<language type="fo" draft="unconfirmed">فه‌رئۆیی</language>
			<language type="fr">فەرانسی</language>
			<language type="fy">فریسیی ڕۆژاوا</language>
			<language type="ga">ئیرلەندی</language>
			<language type="gd" draft="unconfirmed">گه‌لیكی سكۆتله‌ندی</language>
			<language type="gl">گالیسی</language>
			<language type="gn">گووارانی</language>
			<language type="gu">گوجاراتی</language>
			<language type="he">هیبرێ</language>
			<language type="hi">هیندی</language>
			<language type="hr">كرواتی</language>
			<language type="hu">هەنگاری (مەجاری)</language>
			<language type="hy">ئەرمەنی</language>
			<language type="ia" draft="unconfirmed">ئینترلینگوی</language>
			<language type="id">ئێەندونیزی</language>
			<language type="ie" draft="unconfirmed">ئینتەرلیگ</language>
			<language type="is">ئیسلەندی</language>
			<language type="it">ئیتالی</language>
			<language type="ja">ژاپۆنی</language>
			<language type="jv">جاڤانی</language>
			<language type="ka">گۆرجستانی</language>
			<language type="kk" draft="unconfirmed">کازاخی</language>
			<language type="km" draft="unconfirmed">کامبۆجی (زوبان)</language>
			<language type="kn" draft="unconfirmed">كه‌نه‌دایی</language>
			<language type="ko" draft="unconfirmed">كۆری</language>
			<language type="ku">کوردی</language>
			<language type="ky">كرگیزی</language>
			<language type="la">لاتینی</language>
			<language type="ln">لينگالا</language>
			<language type="lo">لاوی</language>
			<language type="lt">لیتوانی</language>
			<language type="lv">لێتۆنی</language>
			<language type="mk">ماكێدۆنی</language>
			<language type="ml" draft="unconfirmed">مالایلام</language>
			<language type="mn">مەنگۆلی</language>
			<language type="mr">ماراتی</language>
			<language type="ms" draft="unconfirmed">مالیزی</language>
			<language type="mt" draft="unconfirmed">ماڵتایی</language>
			<language type="mzn">مازەندەرانی</language>
			<language type="ne">نیپالی</language>
			<language type="nl">هۆڵەندی</language>
			<language type="no" draft="unconfirmed">نۆروێژی</language>
			<language type="oc" draft="unconfirmed">ئۆسیتانی</language>
			<language type="or">ئۆرییا</language>
			<language type="pa">پەنجابی</language>
			<language type="pl">پۆڵۆنیایی (لەهستانی)</language>
			<language type="ps">پەشتوو</language>
			<language type="pt">پورتوگالی</language>
			<language type="pt_BR">پورتوگاڵی برازیل</language>
			<language type="pt_PT">پورتوگاڵی (پورتوگاڵ)</language>
			<language type="ro">ڕۆمانی</language>
			<language type="ru">ڕووسی</language>
			<language type="sa">سانسکريت</language>
			<language type="sd">سيندی</language>
			<language type="sdh">کوردیی باشووری</language>
			<language type="sh" draft="unconfirmed">سێربۆكرواتی</language>
			<language type="si">سینهەلی</language>
			<language type="sk">سلۆڤاكی</language>
			<language type="sl">سلۆڤێنی</language>
			<language type="sma">سامی باشووری</language>
			<language type="so">سۆمالی</language>
			<language type="sq">ئاڵبانی</language>
			<language type="sr">سەربی</language>
			<language type="st" draft="unconfirmed">سێسۆتۆ</language>
			<language type="su">سودانی</language>
			<language type="sv">سویدی</language>
			<language type="sw" draft="unconfirmed">سواهیلی</language>
			<language type="ta">تامیلی</language>
			<language type="te">تەلۆگوی</language>
			<language type="tg">تاجیکی</language>
			<language type="th">تایلەندی</language>
			<language type="ti">تیگرینیای</language>
			<language type="tk">تورکمانی</language>
			<language type="tlh" draft="unconfirmed">كلینگۆن</language>
			<language type="tr">تورکی</language>
			<language type="tw" draft="unconfirmed">توی</language>
			<language type="ug">ئويخووری</language>
			<language type="uk">ئۆكراینی</language>
			<language type="und">زمانی نەناسراو</language>
			<language type="ur">ئۆردوو</language>
			<language type="uz">ئوزبەکی</language>
			<language type="vi">ڤیەتنامی</language>
			<language type="xh" draft="unconfirmed">سسوسا</language>
			<language type="yi" draft="unconfirmed">یوددی</language>
			<language type="zh">چینی</language>
			<language type="zu">زولو</language>
		</languages>
		<scripts>
			<script type="Arab">عەرەبی</script>
			<script type="Armn">ئەرمەنی</script>
			<script type="Beng">بەنگالی</script>
			<script type="Bopo">بۆپۆمۆفۆ</script>
			<script type="Brai">برەیل</script>
			<script type="Cyrl">سریلیک</script>
			<script type="Deva">دەڤەناگەری</script>
			<script type="Ethi">ئەتیۆپیک</script>
			<script type="Geor">گورجی</script>
			<script type="Grek">یۆنانی</script>
			<script type="Gujr">گوجەراتی</script>
			<script type="Guru">گورموکھی</script>
			<script type="Hang">ھانگول</script>
			<script type="Hani" draft="unconfirmed">ھان</script>
			<script type="Hans" draft="unconfirmed">چینیی ئاسانکراو</script>
			<script type="Hant" draft="unconfirmed">چینیی دێرین</script>
			<script type="Hebr">هیبرێ</script>
			<script type="Hira">ھیراگانا</script>
			<script type="Jpan">ژاپۆنی</script>
			<script type="Kana">کاتاکانا</script>
			<script type="Khmr">خمێری</script>
			<script type="Knda">کەنەدا</script>
			<script type="Kore">کۆریایی</script>
			<script type="Laoo">لاو</script>
			<script type="Latn">لاتینی</script>
			<script type="Mlym">مالایالام</script>
			<script type="Mong">مەنگۆلی</script>
			<script type="Mymr">میانمار</script>
			<script type="Orya">ئۆریا</script>
			<script type="Sinh">سینھالا</script>
			<script type="Taml">تامیلی</script>
			<script type="Telu">تیلوگو</script>
			<script type="Thaa">تانە</script>
			<script type="Thai">تایلەندی</script>
			<script type="Zxxx" draft="unconfirmed">نەنووسراو</script>
			<script type="Zzzz" draft="unconfirmed">خەتی نەناسراو</script>
		</scripts>
		<territories>
			<territory type="002" draft="unconfirmed">ئەفریقا</territory>
			<territory type="003" draft="unconfirmed">ئەمەریکای باکوور</territory>
			<territory type="005" draft="unconfirmed">ئەمەریکای باشوور</territory>
			<territory type="009" draft="unconfirmed">ئۆقیانووسیا</territory>
			<territory type="011" draft="unconfirmed">ڕۆژاوای ئەفریقا</territory>
			<territory type="013" draft="unconfirmed">ئەمریکای ناوەڕاست</territory>
			<territory type="014" draft="unconfirmed">ڕۆژھەڵاتی ئەفریقا</territory>
			<territory type="018" draft="unconfirmed">باشووری ئەفریقا</territory>
			<territory type="019" draft="unconfirmed">ئەمریکاکان</territory>
			<territory type="021" draft="unconfirmed">ئەمریکای باکوور</territory>
			<territory type="030" draft="unconfirmed">ئاسیای ڕۆژھەڵات</territory>
			<territory type="034" draft="unconfirmed">باشووری ئاسیا</territory>
			<territory type="035" draft="unconfirmed">باشووری ڕۆژھەڵاتی ئاسیا</territory>
			<territory type="039">ئەورووپای باشووری</territory>
			<territory type="057" draft="unconfirmed">ناوچەی مایکرۆنیزیا</territory>
			<territory type="142" draft="unconfirmed">ئاسیا</territory>
			<territory type="143">ئاسیای ناوەندی</territory>
			<territory type="145">ئاسیای ڕۆژاوا</territory>
			<territory type="150" draft="unconfirmed">ئەورووپا</territory>
			<territory type="151" draft="unconfirmed">ئەورووپای ڕۆژھەڵات</territory>
			<territory type="154" draft="unconfirmed">ئەورووپای باکوور</territory>
			<territory type="155" draft="unconfirmed">ڕۆژاوای ئەورووپا</territory>
			<territory type="419" draft="unconfirmed">ئەمەریکای لاتین</territory>
			<territory type="AD" draft="unconfirmed">ئاندۆرا</territory>
			<territory type="AE" draft="unconfirmed">میرنشینە یەکگرتووە عەرەبییەکان</territory>
			<territory type="AF" draft="unconfirmed">ئەفغانستان</territory>
			<territory type="AG" draft="unconfirmed">ئانتیگوا و باربودا</territory>
			<territory type="AL" draft="unconfirmed">ئەڵبانیا</territory>
			<territory type="AM" draft="unconfirmed">ئەرمەنستان</territory>
			<territory type="AO" draft="unconfirmed">ئەنگۆلا</territory>
			<territory type="AQ" draft="unconfirmed">ئانتارکتیکا</territory>
			<territory type="AR" draft="unconfirmed">ئارجەنتینا</territory>
			<territory type="AS" draft="unconfirmed">ساموای ئەمەریکایی</territory>
			<territory type="AT" draft="unconfirmed">نەمسا</territory>
			<territory type="AU" draft="unconfirmed">ئۆسترالیا</territory>
			<territory type="AW" draft="unconfirmed">ئارووبا</territory>
			<territory type="AZ" draft="unconfirmed">ئازەربایجان</territory>
			<territory type="BA" draft="unconfirmed">بۆسنیا و ھەرزەگۆڤینا</territory>
			<territory type="BB" draft="unconfirmed">باربادۆس</territory>
			<territory type="BD" draft="unconfirmed">بەنگلادیش</territory>
			<territory type="BE" draft="unconfirmed">بەلژیک</territory>
			<territory type="BF" draft="unconfirmed">بورکینافاسۆ</territory>
			<territory type="BG" draft="unconfirmed">بولگاریا</territory>
			<territory type="BH" draft="unconfirmed">بەحرەین</territory>
			<territory type="BI" draft="unconfirmed">بوروندی</territory>
			<territory type="BJ" draft="unconfirmed">بنین</territory>
			<territory type="BN" draft="unconfirmed">بروونای</territory>
			<territory type="BO" draft="unconfirmed">بۆلیڤیا</territory>
			<territory type="BR" draft="unconfirmed">برازیل</territory>
			<territory type="BS" draft="unconfirmed">بەھاما</territory>
			<territory type="BT" draft="unconfirmed">بووتان</territory>
			<territory type="BW" draft="unconfirmed">بۆتسوانا</territory>
			<territory type="BY" draft="unconfirmed">بیلاڕووس</territory>
			<territory type="BZ" draft="unconfirmed">بەلیز</territory>
			<territory type="CA" draft="unconfirmed">کانەدا</territory>
			<territory type="CD" draft="unconfirmed">کۆنگۆ کینشاسا</territory>
			<territory type="CD" alt="variant" draft="unconfirmed">کۆماری دیموکراتیکی کۆنگۆ</territory>
			<territory type="CF" draft="unconfirmed">کۆماری ئەفریقای ناوەڕاست</territory>
			<territory type="CG" draft="unconfirmed">کۆنگۆ برازاڤیل</territory>
			<territory type="CG" alt="variant" draft="unconfirmed">کۆماری کۆنگۆ</territory>
			<territory type="CH" draft="unconfirmed">سویسرا</territory>
			<territory type="CI" draft="unconfirmed">کۆتدیڤوار</territory>
			<territory type="CL" draft="unconfirmed">شیلی</territory>
			<territory type="CM" draft="unconfirmed">کامیروون</territory>
			<territory type="CN" draft="unconfirmed">چین</territory>
			<territory type="CO" draft="unconfirmed">کۆلۆمبیا</territory>
			<territory type="CR" draft="unconfirmed">کۆستاریکا</territory>
			<territory type="CU" draft="unconfirmed">کووبا</territory>
			<territory type="CV" draft="unconfirmed">کەیپڤەرد</territory>
			<territory type="CY" draft="unconfirmed">قیبرس</territory>
			<territory type="CZ" draft="unconfirmed">کۆماری چیک</territory>
			<territory type="DE" draft="unconfirmed">ئەڵمانیا</territory>
			<territory type="DJ" draft="unconfirmed">جیبووتی</territory>
			<territory type="DK" draft="unconfirmed">دانمارک</territory>
			<territory type="DM" draft="unconfirmed">دۆمینیکا</territory>
			<territory type="DZ" draft="unconfirmed">ئەلجەزایر</territory>
			<territory type="EC" draft="unconfirmed">ئیکوادۆر</territory>
			<territory type="EG" draft="unconfirmed">میسر</territory>
			<territory type="EH" draft="unconfirmed">ڕۆژاوای سەحرا</territory>
			<territory type="ER" draft="unconfirmed">ئەریتریا</territory>
			<territory type="ES" draft="unconfirmed">ئیسپانیا</territory>
			<territory type="ET" draft="unconfirmed">ئەتیۆپیا</territory>
			<territory type="EU" draft="unconfirmed">یەکێتیی ئەورووپا</territory>
			<territory type="FI" draft="unconfirmed">فینلاند</territory>
			<territory type="FJ" draft="unconfirmed">فیجی</territory>
			<territory type="FM" draft="unconfirmed">مایکرۆنیزیا</territory>
			<territory type="FR" draft="unconfirmed">فەڕەنسا</territory>
			<territory type="GA" draft="unconfirmed">گابۆن</territory>
			<territory type="GB" draft="unconfirmed">شانشینی یەکگرتوو</territory>
			<territory type="GD" draft="unconfirmed">گرینادا</territory>
			<territory type="GE" draft="unconfirmed">گورجستان</territory>
			<territory type="GH" draft="unconfirmed">غەنا</territory>
			<territory type="GL" draft="unconfirmed">گرینلاند</territory>
			<territory type="GM" draft="unconfirmed">گامبیا</territory>
			<territory type="GN" draft="unconfirmed">گینێ</territory>
			<territory type="GR" draft="unconfirmed">یۆنان</territory>
			<territory type="GT" draft="unconfirmed">گواتیمالا</territory>
			<territory type="GU" draft="unconfirmed">گوام</territory>
			<territory type="GW" draft="unconfirmed">گینێ بیساو</territory>
			<territory type="GY" draft="unconfirmed">گویانا</territory>
			<territory type="HN" draft="unconfirmed">ھۆندووراس</territory>
			<territory type="HR" draft="unconfirmed">کرۆواتیا</territory>
			<territory type="HT" draft="unconfirmed">ھایتی</territory>
			<territory type="HU" draft="unconfirmed">مەجارستان</territory>
			<territory type="ID" draft="unconfirmed">ئیندۆنیزیا</territory>
			<territory type="IE" draft="unconfirmed">ئیرلەند</territory>
			<territory type="IL" draft="unconfirmed">ئیسرائیل</territory>
			<territory type="IN" draft="unconfirmed">ھیندستان</territory>
			<territory type="IQ" draft="unconfirmed">عێراق</territory>
			<territory type="IR" draft="unconfirmed">ئێران</territory>
			<territory type="IS" draft="unconfirmed">ئایسلەند</territory>
			<territory type="IT" draft="unconfirmed">ئیتاڵی</territory>
			<territory type="JM" draft="unconfirmed">جامایکا</territory>
			<territory type="JO" draft="unconfirmed">ئوردن</territory>
			<territory type="JP" draft="unconfirmed">ژاپۆن</territory>
			<territory type="KG" draft="unconfirmed">قرغیزستان</territory>
			<territory type="KH" draft="unconfirmed">کەمبۆدیا</territory>
			<territory type="KI" draft="unconfirmed">کیریباس</territory>
			<territory type="KM" draft="unconfirmed">دوورگەکانی قەمەر</territory>
			<territory type="KN" draft="unconfirmed">سەینت کیتس و نیڤیس</territory>
			<territory type="KP" draft="unconfirmed">کۆریای باکوور</territory>
			<territory type="KR" draft="unconfirmed">کۆریای باشوور</territory>
			<territory type="KW" draft="unconfirmed">کوەیت</territory>
			<territory type="KZ" draft="unconfirmed">کازاخستان</territory>
			<territory type="LA" draft="unconfirmed">لاوس</territory>
			<territory type="LB" draft="unconfirmed">لوبنان</territory>
			<territory type="LC" draft="unconfirmed">سەینت لووسیا</territory>
			<territory type="LI" draft="unconfirmed">لیختنشتاین</territory>
			<territory type="LK" draft="unconfirmed">سریلانکا</territory>
			<territory type="LR" draft="unconfirmed">لیبەریا</territory>
			<territory type="LS" draft="unconfirmed">لەسۆتۆ</territory>
			<territory type="LT" draft="unconfirmed">لیتوانایا</territory>
			<territory type="LU" draft="unconfirmed">لوکسەمبورگ</territory>
			<territory type="LV" draft="unconfirmed">لاتڤیا</territory>
			<territory type="LY" draft="unconfirmed">لیبیا</territory>
			<territory type="MA" draft="unconfirmed">مەغریب</territory>
			<territory type="MC" draft="unconfirmed">مۆناکۆ</territory>
			<territory type="MD" draft="unconfirmed">مۆلدۆڤا</territory>
			<territory type="ME" draft="unconfirmed">مۆنتینیگرۆ</territory>
			<territory type="MG" draft="unconfirmed">ماداگاسکار</territory>
			<territory type="MH" draft="unconfirmed">دوورگەکانی مارشاڵ</territory>
			<territory type="ML" draft="unconfirmed">مالی</territory>
			<territory type="MM" draft="unconfirmed">میانمار</territory>
			<territory type="MN" draft="unconfirmed">مەنگۆلیا</territory>
			<territory type="MO" alt="short" draft="unconfirmed">ماکاو</territory>
			<territory type="MR" draft="unconfirmed">مۆریتانیا</territory>
			<territory type="MT" draft="unconfirmed">ماڵتا</territory>
			<territory type="MV" draft="unconfirmed">مالدیڤ</territory>
			<territory type="MW" draft="unconfirmed">مالاوی</territory>
			<territory type="MX" draft="unconfirmed">مەکسیک</territory>
			<territory type="MY" draft="unconfirmed">مالیزیا</territory>
			<territory type="MZ" draft="unconfirmed">مۆزامبیک</territory>
			<territory type="NA" draft="unconfirmed">نامیبیا</territory>
			<territory type="NE" draft="unconfirmed">نیجەر</territory>
			<territory type="NI" draft="unconfirmed">نیکاراگوا</territory>
			<territory type="NL" draft="unconfirmed">ھۆڵەندا</territory>
			<territory type="NO" draft="unconfirmed">نۆرویژ</territory>
			<territory type="NP" draft="unconfirmed">نیپال</territory>
			<territory type="NR" draft="unconfirmed">نائوروو</territory>
			<territory type="NZ" draft="unconfirmed">نیوزیلاند</territory>
			<territory type="OM" draft="unconfirmed">عومان</territory>
			<territory type="PA" draft="unconfirmed">پاناما</territory>
			<territory type="PE" draft="unconfirmed">پیروو</territory>
			<territory type="PG" draft="unconfirmed">پاپوا گینێی نوێ</territory>
			<territory type="PH" draft="unconfirmed">فلیپین</territory>
			<territory type="PK" draft="unconfirmed">پاکستان</territory>
			<territory type="PL" draft="unconfirmed">پۆڵەندا</territory>
			<territory type="PS" draft="unconfirmed">فەلەستین</territory>
			<territory type="PT" draft="unconfirmed">پورتوگال</territory>
			<territory type="PW" draft="unconfirmed">پالاو</territory>
			<territory type="PY" draft="unconfirmed">پاراگوای</territory>
			<territory type="QA" draft="unconfirmed">قەتەر</territory>
			<territory type="RO" draft="unconfirmed">ڕۆمانیا</territory>
			<territory type="RS" draft="unconfirmed">سربیا</territory>
			<territory type="RU" draft="unconfirmed">ڕووسیا</territory>
			<territory type="RW" draft="unconfirmed">ڕواندا</territory>
			<territory type="SA" draft="unconfirmed">عەرەبستانی سەعوودی</territory>
			<territory type="SB" draft="unconfirmed">دوورگەکانی سلێمان</territory>
			<territory type="SC" draft="unconfirmed">سیشێل</territory>
			<territory type="SD" draft="unconfirmed">سوودان</territory>
			<territory type="SE" draft="unconfirmed">سوید</territory>
			<territory type="SG" draft="unconfirmed">سینگاپور</territory>
			<territory type="SI" draft="unconfirmed">سلۆڤێنیا</territory>
			<territory type="SK" draft="unconfirmed">سلۆڤاکیا</territory>
			<territory type="SL" draft="unconfirmed">سیەرالیۆن</territory>
			<territory type="SM" draft="unconfirmed">سان مارینۆ</territory>
			<territory type="SN" draft="unconfirmed">سینیگال</territory>
			<territory type="SO" draft="unconfirmed">سۆمالیا</territory>
			<territory type="SR" draft="unconfirmed">سورینام</territory>
			<territory type="ST" draft="unconfirmed">ساوتۆمێ و پرینسیپی</territory>
			<territory type="SV" draft="unconfirmed">ئێلسالڤادۆر</territory>
			<territory type="SY" draft="unconfirmed">سووریا</territory>
			<territory type="SZ" draft="unconfirmed">سوازیلاند</territory>
			<territory type="TD" draft="unconfirmed">چاد</territory>
			<territory type="TG" draft="unconfirmed">تۆگۆ</territory>
			<territory type="TH" draft="unconfirmed">تایلەند</territory>
			<territory type="TJ" draft="unconfirmed">تاجیکستان</territory>
			<territory type="TL" alt="variant" draft="unconfirmed">تیمۆری ڕۆژھەڵات</territory>
			<territory type="TM" draft="unconfirmed">تورکمانستان</territory>
			<territory type="TN" draft="unconfirmed">توونس</territory>
			<territory type="TO" draft="unconfirmed">تۆنگا</territory>
			<territory type="TR" draft="unconfirmed">تورکیا</territory>
			<territory type="TT" draft="unconfirmed">ترینیداد و تۆباگو</territory>
			<territory type="TV" draft="unconfirmed">تووڤالوو</territory>
			<territory type="TW" draft="unconfirmed">تایوان</territory>
			<territory type="TZ" draft="unconfirmed">تانزانیا</territory>
			<territory type="UA" draft="unconfirmed">ئۆکرانیا</territory>
			<territory type="UG" draft="unconfirmed">ئوگاندا</territory>
			<territory type="US" draft="unconfirmed">وڵاتە یەکگرتووەکان</territory>
			<territory type="UY" draft="unconfirmed">ئوروگوای</territory>
			<territory type="UZ" draft="unconfirmed">ئوزبەکستان</territory>
			<territory type="VA" draft="unconfirmed">ڤاتیکان</territory>
			<territory type="VC" draft="unconfirmed">سەینت ڤینسەنت و گرینادینز</territory>
			<territory type="VN" draft="unconfirmed">ڤیەتنام</territory>
			<territory type="VU" draft="unconfirmed">ڤانوواتوو</territory>
			<territory type="WS" draft="unconfirmed">ساموا</territory>
			<territory type="YE" draft="unconfirmed">یەمەن</territory>
			<territory type="ZA" draft="unconfirmed">ئەفریقای باشوور</territory>
			<territory type="ZM" draft="unconfirmed">زامبیا</territory>
			<territory type="ZW" draft="unconfirmed">زیمبابوی</territory>
			<territory type="ZZ" draft="unconfirmed">نەناسراو</territory>
		</territories>
		<keys>
			<key type="calendar" draft="unconfirmed">ڕۆژژمێر</key>
			<key type="collation" draft="unconfirmed">ڕیزبەندی</key>
			<key type="currency" draft="unconfirmed">دراو</key>
			<key type="numbers" draft="unconfirmed">ژمارەکان</key>
		</keys>
		<types>
			<type key="calendar" type="chinese" draft="unconfirmed">ڕۆژژمێری چینی</type>
			<type key="calendar" type="gregorian" draft="unconfirmed">ڕۆژژمێری گورجی</type>
			<type key="calendar" type="hebrew" draft="unconfirmed">ڕۆژژمێری عیبری</type>
			<type key="calendar" type="indian" draft="unconfirmed">ڕۆژژمێری نەتەوەیی ھیندی</type>
			<type key="calendar" type="islamic" draft="unconfirmed">ڕۆژژمێری کۆچیی مانگی</type>
			<type key="calendar" type="persian" draft="unconfirmed">ڕۆژژمێری کۆچیی ھەتاوی</type>
			<type key="numbers" type="arab" draft="unconfirmed">ژمارە عەربی-ھیندییەکان</type>
			<type key="numbers" type="gujr" draft="unconfirmed">ژمارە گوجەراتییەکان</type>
			<type key="numbers" type="khmr" draft="unconfirmed">ژمارە خمێرییەکان</type>
			<type key="numbers" type="latn" draft="unconfirmed">ژمارە ڕۆژاوایییەکان</type>
			<type key="numbers" type="mymr" draft="unconfirmed">ژمارە میانمارییەکان</type>
		</types>
		<measurementSystemNames>
			<measurementSystemName type="metric" draft="unconfirmed">مەتریک</measurementSystemName>
			<measurementSystemName type="UK" draft="unconfirmed">بریتانی</measurementSystemName>
			<measurementSystemName type="US" draft="unconfirmed">ئەمەریکی</measurementSystemName>
		</measurementSystemNames>
		<codePatterns>
			<codePattern type="language" draft="unconfirmed">زمان: {0}</codePattern>
			<codePattern type="script" draft="unconfirmed">خەت: {0}</codePattern>
			<codePattern type="territory" draft="unconfirmed">ناوچە: {0}</codePattern>
		</codePatterns>
	</localeDisplayNames>
	<layout>
		<orientation>
			<characterOrder>right-to-left</characterOrder>
		</orientation>
	</layout>
	<characters>
		<exemplarCharacters>[ئ ا ب پ ت ج چ ح خ د ر ز ڕ ژ س ش ع غ ف ڤ ق ک گ ل ڵ م ن ھ ە و ۆ ی ێ]</exemplarCharacters>
		<exemplarCharacters type="auxiliary">[\u200E\u200F \u064B \u064C \u064D \u064E \u064F \u0650 \u0651 \u0652 ء آ أ ؤ إ ة ث ذ ص ض ط ظ ك ه ى ي]</exemplarCharacters>
		<exemplarCharacters type="index" draft="unconfirmed">[ئ ا ب پ ت ج چ ح خ د ر ز ڕ ژ س ش ع غ ف ڤ ق ک گ ل ڵ م ن ھ ە و ۆ ی ێ]</exemplarCharacters>
	</characters>
	<dates>
		<calendars>
			<calendar type="generic">
				<days>
					<dayContext type="format">
						<dayWidth type="abbreviated">
							<day type="sun" draft="unconfirmed">یەکشەممە</day>
							<day type="mon" draft="unconfirmed">دووشەممە</day>
							<day type="tue" draft="unconfirmed">سێشەممە</day>
							<day type="wed" draft="unconfirmed">چوارشەممە</day>
							<day type="thu" draft="unconfirmed">پێنجشەممە</day>
							<day type="fri" draft="unconfirmed">ھەینی</day>
							<day type="sat" draft="unconfirmed">شەممە</day>
						</dayWidth>
						<dayWidth type="narrow">
							<day type="sun" draft="unconfirmed">ی</day>
							<day type="mon" draft="unconfirmed">د</day>
							<day type="tue" draft="unconfirmed">س</day>
							<day type="wed" draft="unconfirmed">چ</day>
							<day type="thu" draft="unconfirmed">پ</day>
							<day type="fri" draft="unconfirmed">ھ</day>
							<day type="sat" draft="unconfirmed">ش</day>
						</dayWidth>
						<dayWidth type="wide">
							<day type="sun" draft="unconfirmed">یەکشەممە</day>
							<day type="mon" draft="unconfirmed">دووشەممە</day>
							<day type="tue" draft="unconfirmed">سێشەممە</day>
							<day type="wed" draft="unconfirmed">چوارشەممە</day>
							<day type="thu" draft="unconfirmed">پێنجشەممە</day>
							<day type="fri" draft="unconfirmed">ھەینی</day>
							<day type="sat" draft="unconfirmed">شەممە</day>
						</dayWidth>
					</dayContext>
					<dayContext type="stand-alone">
						<dayWidth type="abbreviated">
							<day type="sun" draft="unconfirmed">یەکشەممە</day>
							<day type="mon" draft="unconfirmed">دووشەممە</day>
							<day type="tue" draft="unconfirmed">سێشەممە</day>
							<day type="wed" draft="unconfirmed">چوارشەممە</day>
							<day type="thu" draft="unconfirmed">پێنجشەممە</day>
							<day type="fri" draft="unconfirmed">ھەینی</day>
							<day type="sat" draft="unconfirmed">شەممە</day>
						</dayWidth>
						<dayWidth type="narrow">
							<day type="sun" draft="unconfirmed">ی</day>
							<day type="mon" draft="unconfirmed">د</day>
							<day type="tue" draft="unconfirmed">س</day>
							<day type="wed" draft="unconfirmed">چ</day>
							<day type="thu" draft="unconfirmed">پ</day>
							<day type="fri" draft="unconfirmed">ھ</day>
							<day type="sat" draft="unconfirmed">ش</day>
						</dayWidth>
						<dayWidth type="wide">
							<day type="sun" draft="unconfirmed">یەکشەممە</day>
							<day type="mon" draft="unconfirmed">دووشەممە</day>
							<day type="tue" draft="unconfirmed">سێشەممە</day>
							<day type="wed" draft="unconfirmed">چوارشەممە</day>
							<day type="thu" draft="unconfirmed">پێنجشەممە</day>
							<day type="fri" draft="unconfirmed">ھەینی</day>
							<day type="sat" draft="unconfirmed">شەممە</day>
						</dayWidth>
					</dayContext>
				</days>
				<quarters>
					<quarterContext type="format">
						<quarterWidth type="wide">
							<quarter type="1" draft="unconfirmed">چارەکی یەکەم</quarter>
							<quarter type="2" draft="unconfirmed">چارەکی دووەم</quarter>
							<quarter type="3" draft="unconfirmed">چارەکی سێەم</quarter>
							<quarter type="4" draft="unconfirmed">چارەکی چوارەم</quarter>
						</quarterWidth>
					</quarterContext>
					<quarterContext type="stand-alone">
						<quarterWidth type="wide">
							<quarter type="1" draft="unconfirmed">چارەکی یەکەم</quarter>
							<quarter type="2" draft="unconfirmed">چارەکی دووەم</quarter>
							<quarter type="3" draft="unconfirmed">چارەکی سێەم</quarter>
							<quarter type="4" draft="unconfirmed">چارەکی چوارەم</quarter>
						</quarterWidth>
					</quarterContext>
				</quarters>
				<dayPeriods>
					<dayPeriodContext type="format">
						<dayPeriodWidth type="wide">
							<dayPeriod type="am" draft="unconfirmed">ب.ن</dayPeriod>
							<dayPeriod type="pm" draft="unconfirmed">د.ن</dayPeriod>
						</dayPeriodWidth>
					</dayPeriodContext>
				</dayPeriods>
				<dateFormats>
					<dateFormatLength type="long">
						<dateFormat>
							<pattern draft="unconfirmed">dی MMMMی y G</pattern>
						</dateFormat>
					</dateFormatLength>
				</dateFormats>
				<dateTimeFormats>
					<availableFormats>
						<dateFormatItem id="Ed" draft="unconfirmed">E dەھەم</dateFormatItem>
						<dateFormatItem id="h" draft="unconfirmed">hی a</dateFormatItem>
						<dateFormatItem id="MEd" draft="unconfirmed">E، M/d</dateFormatItem>
						<dateFormatItem id="MMMd" draft="unconfirmed">dی MMM</dateFormatItem>
						<dateFormatItem id="MMMEd" draft="unconfirmed">E، dی MMM</dateFormatItem>
						<dateFormatItem id="yM" draft="unconfirmed">M/y</dateFormatItem>
						<dateFormatItem id="yMd" draft="unconfirmed">d/M/y</dateFormatItem>
						<dateFormatItem id="yMEd" draft="unconfirmed">E، d/M/y</dateFormatItem>
						<dateFormatItem id="yMMM" draft="unconfirmed">MMMی y</dateFormatItem>
						<dateFormatItem id="yMMMd" draft="unconfirmed">dی MMMی y</dateFormatItem>
						<dateFormatItem id="yMMMEd" draft="unconfirmed">E، dی MMMی y</dateFormatItem>
					</availableFormats>
					<intervalFormats>
						<intervalFormatItem id="MEd">
							<greatestDifference id="d" draft="unconfirmed">E، M/d – E، M/d</greatestDifference>
							<greatestDifference id="M" draft="unconfirmed">E، M/d – E، M/d</greatestDifference>
						</intervalFormatItem>
						<intervalFormatItem id="MMM">
							<greatestDifference id="M" draft="unconfirmed">MMM–MMM</greatestDifference>
						</intervalFormatItem>
						<intervalFormatItem id="MMMd">
							<greatestDifference id="d" draft="unconfirmed">d–dی MMM</greatestDifference>
						</intervalFormatItem>
						<intervalFormatItem id="MMMEd">
							<greatestDifference id="d" draft="unconfirmed">E، dی MMM – E، dی MMM</greatestDifference>
						</intervalFormatItem>
						<intervalFormatItem id="yMd">
							<greatestDifference id="y" draft="unconfirmed">d/M/y – d/M/y</greatestDifference>
						</intervalFormatItem>
						<intervalFormatItem id="yMEd">
							<greatestDifference id="d" draft="unconfirmed">E، d/M/y – E، d/M/y</greatestDifference>
							<greatestDifference id="M" draft="unconfirmed">E، d/M/y – E، d/M/y</greatestDifference>
							<greatestDifference id="y" draft="unconfirmed">E، d/M/y – E، d/M/y</greatestDifference>
						</intervalFormatItem>
						<intervalFormatItem id="yMMM">
							<greatestDifference id="M" draft="unconfirmed">MMM–MMMی y</greatestDifference>
							<greatestDifference id="y" draft="unconfirmed">MMMی y – MMMی y</greatestDifference>
						</intervalFormatItem>
						<intervalFormatItem id="yMMMd">
							<greatestDifference id="d" draft="unconfirmed">d–dی MMMی y</greatestDifference>
							<greatestDifference id="M" draft="unconfirmed">dی MMM – dی MMMی y</greatestDifference>
							<greatestDifference id="y" draft="unconfirmed">dی MMMMی y – dی MMMMی y</greatestDifference>
						</intervalFormatItem>
					</intervalFormats>
				</dateTimeFormats>
			</calendar>
			<calendar type="gregorian">
				<months>
					<monthContext type="format">
						<monthWidth type="abbreviated">
							<month type="1" draft="unconfirmed">کانوونی دووەم</month>
							<month type="2" draft="unconfirmed">شوبات</month>
							<month type="3" draft="unconfirmed">ئازار</month>
							<month type="4" draft="unconfirmed">نیسان</month>
							<month type="5" draft="unconfirmed">ئایار</month>
							<month type="6" draft="unconfirmed">حوزەیران</month>
							<month type="7" draft="unconfirmed">تەمووز</month>
							<month type="8" draft="unconfirmed">ئاب</month>
							<month type="9" draft="unconfirmed">ئەیلوول</month>
							<month type="10" draft="unconfirmed">تشرینی یەکەم</month>
							<month type="11" draft="unconfirmed">تشرینی دووەم</month>
							<month type="12" draft="unconfirmed">کانونی یەکەم</month>
						</monthWidth>
						<monthWidth type="wide">
							<month type="1" draft="unconfirmed">کانوونی دووەم</month>
							<month type="2" draft="unconfirmed">شوبات</month>
							<month type="3" draft="unconfirmed">ئازار</month>
							<month type="4" draft="unconfirmed">نیسان</month>
							<month type="5" draft="unconfirmed">ئایار</month>
							<month type="6" draft="unconfirmed">حوزەیران</month>
							<month type="7" draft="unconfirmed">تەمووز</month>
							<month type="8" draft="unconfirmed">ئاب</month>
							<month type="9" draft="unconfirmed">ئەیلوول</month>
							<month type="10" draft="unconfirmed">تشرینی یەکەم</month>
							<month type="11" draft="unconfirmed">تشرینی دووەم</month>
							<month type="12" draft="unconfirmed">کانونی یەکەم</month>
						</monthWidth>
					</monthContext>
					<monthContext type="stand-alone">
						<monthWidth type="abbreviated">
							<month type="1" draft="unconfirmed">کانوونی دووەم</month>
							<month type="2" draft="unconfirmed">شوبات</month>
							<month type="3" draft="unconfirmed">ئازار</month>
							<month type="4" draft="unconfirmed">نیسان</month>
							<month type="5" draft="unconfirmed">ئایار</month>
							<month type="6" draft="unconfirmed">حوزەیران</month>
							<month type="7" draft="unconfirmed">تەمووز</month>
							<month type="8" draft="unconfirmed">ئاب</month>
							<month type="9" draft="unconfirmed">ئەیلوول</month>
							<month type="10" draft="unconfirmed">تشرینی یەکەم</month>
							<month type="11" draft="unconfirmed">تشرینی دووەم</month>
							<month type="12" draft="unconfirmed">کانونی یەکەم</month>
						</monthWidth>
						<monthWidth type="wide">
							<month type="1" draft="unconfirmed">کانوونی دووەم</month>
							<month type="2" draft="unconfirmed">شوبات</month>
							<month type="3" draft="unconfirmed">ئازار</month>
							<month type="4" draft="unconfirmed">نیسان</month>
							<month type="5" draft="unconfirmed">ئایار</month>
							<month type="6" draft="unconfirmed">حوزەیران</month>
							<month type="7" draft="unconfirmed">تەمووز</month>
							<month type="8" draft="unconfirmed">ئاب</month>
							<month type="9" draft="unconfirmed">ئەیلوول</month>
							<month type="10" draft="unconfirmed">تشرینی یەکەم</month>
							<month type="11" draft="unconfirmed">تشرینی دووەم</month>
							<month type="12" draft="unconfirmed">کانونی یەکەم</month>
						</monthWidth>
					</monthContext>
				</months>
				<days>
					<dayContext type="format">
						<dayWidth type="abbreviated">
							<day type="sun" draft="unconfirmed">یەکشەممە</day>
							<day type="mon" draft="unconfirmed">دووشەممە</day>
							<day type="tue" draft="unconfirmed">سێشەممە</day>
							<day type="wed" draft="unconfirmed">چوارشەممە</day>
							<day type="thu" draft="unconfirmed">پێنجشەممە</day>
							<day type="fri" draft="unconfirmed">ھەینی</day>
							<day type="sat" draft="unconfirmed">شەممە</day>
						</dayWidth>
						<dayWidth type="narrow">
							<day type="sun" draft="unconfirmed">ی</day>
							<day type="mon" draft="unconfirmed">د</day>
							<day type="tue" draft="unconfirmed">س</day>
							<day type="wed" draft="unconfirmed">چ</day>
							<day type="thu" draft="unconfirmed">پ</day>
							<day type="fri" draft="unconfirmed">ھ</day>
							<day type="sat" draft="unconfirmed">ش</day>
						</dayWidth>
						<dayWidth type="wide">
							<day type="sun" draft="unconfirmed">یەکشەممە</day>
							<day type="mon" draft="unconfirmed">دووشەممە</day>
							<day type="tue" draft="unconfirmed">سێشەممە</day>
							<day type="wed" draft="unconfirmed">چوارشەممە</day>
							<day type="thu" draft="unconfirmed">پێنجشەممە</day>
							<day type="fri" draft="unconfirmed">ھەینی</day>
							<day type="sat" draft="unconfirmed">شەممە</day>
						</dayWidth>
					</dayContext>
					<dayContext type="stand-alone">
						<dayWidth type="abbreviated">
							<day type="sun" draft="unconfirmed">یەکشەممە</day>
							<day type="mon" draft="unconfirmed">دووشەممە</day>
							<day type="tue" draft="unconfirmed">سێشەممە</day>
							<day type="wed" draft="unconfirmed">چوارشەممە</day>
							<day type="thu" draft="unconfirmed">پێنجشەممە</day>
							<day type="fri" draft="unconfirmed">ھەینی</day>
							<day type="sat" draft="unconfirmed">شەممە</day>
						</dayWidth>
						<dayWidth type="narrow">
							<day type="sun" draft="unconfirmed">ی</day>
							<day type="mon" draft="unconfirmed">د</day>
							<day type="tue" draft="unconfirmed">س</day>
							<day type="wed" draft="unconfirmed">چ</day>
							<day type="thu" draft="unconfirmed">پ</day>
							<day type="fri" draft="unconfirmed">ھ</day>
							<day type="sat" draft="unconfirmed">ش</day>
						</dayWidth>
						<dayWidth type="wide">
							<day type="sun" draft="unconfirmed">یەکشەممە</day>
							<day type="mon" draft="unconfirmed">دووشەممە</day>
							<day type="tue" draft="unconfirmed">سێشەممە</day>
							<day type="wed" draft="unconfirmed">چوارشەممە</day>
							<day type="thu" draft="unconfirmed">پێنجشەممە</day>
							<day type="fri" draft="unconfirmed">ھەینی</day>
							<day type="sat" draft="unconfirmed">شەممە</day>
						</dayWidth>
					</dayContext>
				</days>
				<quarters>
					<quarterContext type="format">
						<quarterWidth type="wide">
							<quarter type="1" draft="unconfirmed">چارەکی یەکەم</quarter>
							<quarter type="2" draft="unconfirmed">چارەکی دووەم</quarter>
							<quarter type="3" draft="unconfirmed">چارەکی سێەم</quarter>
							<quarter type="4" draft="unconfirmed">چارەکی چوارەم</quarter>
						</quarterWidth>
					</quarterContext>
					<quarterContext type="stand-alone">
						<quarterWidth type="wide">
							<quarter type="1" draft="unconfirmed">چارەکی یەکەم</quarter>
							<quarter type="2" draft="unconfirmed">چارەکی دووەم</quarter>
							<quarter type="3" draft="unconfirmed">چارەکی سێەم</quarter>
							<quarter type="4" draft="unconfirmed">چارەکی چوارەم</quarter>
						</quarterWidth>
					</quarterContext>
				</quarters>
				<dayPeriods>
					<dayPeriodContext type="format">
						<dayPeriodWidth type="wide">
							<dayPeriod type="am" draft="unconfirmed">ب.ن</dayPeriod>
							<dayPeriod type="pm" draft="unconfirmed">د.ن</dayPeriod>
						</dayPeriodWidth>
					</dayPeriodContext>
				</dayPeriods>
				<eras>
					<eraNames>
						<era type="0" draft="unconfirmed">پێش زایین</era>
						<era type="1" draft="unconfirmed">زایینی</era>
					</eraNames>
					<eraAbbr>
						<era type="0" draft="unconfirmed">پ.ن</era>
						<era type="1" draft="unconfirmed">ز</era>
					</eraAbbr>
					<eraNarrow>
						<era type="0" draft="unconfirmed">پ.ن</era>
						<era type="1" draft="unconfirmed">ز</era>
					</eraNarrow>
				</eras>
				<dateFormats>
					<dateFormatLength type="long">
						<dateFormat>
							<pattern draft="unconfirmed">dی MMMMی y</pattern>
						</dateFormat>
					</dateFormatLength>
				</dateFormats>
				<timeFormats>
					<timeFormatLength type="full">
						<timeFormat>
							<pattern draft="unconfirmed">h:mm:ss a zzzz</pattern>
						</timeFormat>
					</timeFormatLength>
					<timeFormatLength type="long">
						<timeFormat>
							<pattern draft="unconfirmed">h:mm:ss a z</pattern>
						</timeFormat>
					</timeFormatLength>
					<timeFormatLength type="medium">
						<timeFormat>
							<pattern draft="unconfirmed">h:mm:ss a</pattern>
						</timeFormat>
					</timeFormatLength>
					<timeFormatLength type="short">
						<timeFormat>
							<pattern draft="unconfirmed">h:mm a</pattern>
						</timeFormat>
					</timeFormatLength>
				</timeFormats>
				<dateTimeFormats>
					<availableFormats>
						<dateFormatItem id="Ed" draft="unconfirmed">E dەھەم</dateFormatItem>
						<dateFormatItem id="h" draft="unconfirmed">hی a</dateFormatItem>
						<dateFormatItem id="MEd" draft="unconfirmed">E، M/d</dateFormatItem>
						<dateFormatItem id="MMMd" draft="unconfirmed">dی MMM</dateFormatItem>
						<dateFormatItem id="MMMEd" draft="unconfirmed">E، dی MMM</dateFormatItem>
						<dateFormatItem id="yM" draft="unconfirmed">M/y</dateFormatItem>
						<dateFormatItem id="yMd" draft="unconfirmed">d/M/y</dateFormatItem>
						<dateFormatItem id="yMEd" draft="unconfirmed">E، d/M/y</dateFormatItem>
						<dateFormatItem id="yMMM" draft="unconfirmed">MMMی y</dateFormatItem>
						<dateFormatItem id="yMMMd" draft="unconfirmed">dی MMMی y</dateFormatItem>
						<dateFormatItem id="yMMMEd" draft="unconfirmed">E، dی MMMی y</dateFormatItem>
					</availableFormats>
					<intervalFormats>
						<intervalFormatItem id="MEd">
							<greatestDifference id="d" draft="unconfirmed">E، M/d – E، M/d</greatestDifference>
							<greatestDifference id="M" draft="unconfirmed">E، M/d – E، M/d</greatestDifference>
						</intervalFormatItem>
						<intervalFormatItem id="MMM">
							<greatestDifference id="M" draft="unconfirmed">MMM–MMM</greatestDifference>
						</intervalFormatItem>
						<intervalFormatItem id="MMMd">
							<greatestDifference id="d" draft="unconfirmed">d–dی MMM</greatestDifference>
						</intervalFormatItem>
						<intervalFormatItem id="MMMEd">
							<greatestDifference id="d" draft="unconfirmed">E، dی MMM – E، dی MMM</greatestDifference>
						</intervalFormatItem>
						<intervalFormatItem id="yMd">
							<greatestDifference id="y" draft="unconfirmed">d/M/y – d/M/y</greatestDifference>
						</intervalFormatItem>
						<intervalFormatItem id="yMEd">
							<greatestDifference id="d" draft="unconfirmed">E، d/M/y – E، d/M/y</greatestDifference>
							<greatestDifference id="M" draft="unconfirmed">E، d/M/y – E، d/M/y</greatestDifference>
							<greatestDifference id="y" draft="unconfirmed">E، d/M/y – E، d/M/y</greatestDifference>
						</intervalFormatItem>
						<intervalFormatItem id="yMMM">
							<greatestDifference id="M" draft="unconfirmed">MMM–MMMی y</greatestDifference>
							<greatestDifference id="y" draft="unconfirmed">MMMی y – MMMی y</greatestDifference>
						</intervalFormatItem>
						<intervalFormatItem id="yMMMd">
							<greatestDifference id="d" draft="unconfirmed">d–dی MMMی y</greatestDifference>
							<greatestDifference id="M" draft="unconfirmed">dی MMM – dی MMMی y</greatestDifference>
							<greatestDifference id="y" draft="unconfirmed">dی MMMMی y – dی MMMMی y</greatestDifference>
						</intervalFormatItem>
					</intervalFormats>
				</dateTimeFormats>
			</calendar>
			<calendar type="persian">
				<months>
					<monthContext type="format">
						<monthWidth type="abbreviated">
							<month type="1" draft="unconfirmed">خاکەلێوە</month>
							<month type="2" draft="unconfirmed">بانەمەڕ</month>
							<month type="3" draft="unconfirmed">جۆزەردان</month>
							<month type="4" draft="unconfirmed">پووشپەڕ</month>
							<month type="5" draft="unconfirmed">گەلاوێژ</month>
							<month type="6" draft="unconfirmed">خەرمانان</month>
							<month type="7" draft="unconfirmed">ڕەزبەر</month>
							<month type="8" draft="unconfirmed">خەزەڵوەر</month>
							<month type="9" draft="unconfirmed">سەرماوەز</month>
							<month type="10" draft="unconfirmed">بەفرانبار</month>
							<month type="11" draft="unconfirmed">ڕێبەندان</month>
							<month type="12" draft="unconfirmed">رەشەمێ</month>
						</monthWidth>
						<monthWidth type="wide">
							<month type="1" draft="unconfirmed">خاکەلێوە</month>
							<month type="2" draft="unconfirmed">بانەمەڕ</month>
							<month type="3" draft="unconfirmed">جۆزەردان</month>
							<month type="4" draft="unconfirmed">پووشپەڕ</month>
							<month type="5" draft="unconfirmed">گەلاوێژ</month>
							<month type="6" draft="unconfirmed">خەرمانان</month>
							<month type="7" draft="unconfirmed">ڕەزبەر</month>
							<month type="8" draft="unconfirmed">خەزەڵوەر</month>
							<month type="9" draft="unconfirmed">سەرماوەز</month>
							<month type="10" draft="unconfirmed">بەفرانبار</month>
							<month type="11" draft="unconfirmed">ڕێبەندان</month>
							<month type="12" draft="unconfirmed">رەشەمێ</month>
						</monthWidth>
					</monthContext>
					<monthContext type="stand-alone">
						<monthWidth type="abbreviated">
							<month type="1" draft="unconfirmed">خاکەلێوە</month>
							<month type="2" draft="unconfirmed">بانەمەڕ</month>
							<month type="3" draft="unconfirmed">جۆزەردان</month>
							<month type="4" draft="unconfirmed">پووشپەڕ</month>
							<month type="5" draft="unconfirmed">گەلاوێژ</month>
							<month type="6" draft="unconfirmed">خەرمانان</month>
							<month type="7" draft="unconfirmed">ڕەزبەر</month>
							<month type="8" draft="unconfirmed">خەزەڵوەر</month>
							<month type="9" draft="unconfirmed">سەرماوەز</month>
							<month type="10" draft="unconfirmed">بەفرانبار</month>
							<month type="11" draft="unconfirmed">ڕێبەندان</month>
							<month type="12" draft="unconfirmed">رەشەمێ</month>
						</monthWidth>
						<monthWidth type="wide">
							<month type="1" draft="unconfirmed">خاکەلێوە</month>
							<month type="2" draft="unconfirmed">بانەمەڕ</month>
							<month type="3" draft="unconfirmed">جۆزەردان</month>
							<month type="4" draft="unconfirmed">پووشپەڕ</month>
							<month type="5" draft="unconfirmed">گەلاوێژ</month>
							<month type="6" draft="unconfirmed">خەرمانان</month>
							<month type="7" draft="unconfirmed">ڕەزبەر</month>
							<month type="8" draft="unconfirmed">خەزەڵوەر</month>
							<month type="9" draft="unconfirmed">سەرماوەز</month>
							<month type="10" draft="unconfirmed">بەفرانبار</month>
							<month type="11" draft="unconfirmed">ڕێبەندان</month>
							<month type="12" draft="unconfirmed">رەشەمێ</month>
						</monthWidth>
					</monthContext>
				</months>
			</calendar>
		</calendars>
		<fields>
			<field type="year">
				<displayName draft="unconfirmed">ساڵ</displayName>
			</field>
			<field type="month">
				<displayName draft="unconfirmed">مانگ</displayName>
			</field>
			<field type="week">
				<displayName draft="unconfirmed">ھەفتە</displayName>
			</field>
			<field type="day">
				<displayName draft="unconfirmed">ڕۆژ</displayName>
				<relative type="-1" draft="unconfirmed">yesterday</relative>
				<relative type="0" draft="unconfirmed">ئەمڕۆ</relative>
				<relative type="1" draft="unconfirmed">سبەی</relative>
			</field>
			<field type="weekday">
				<displayName draft="unconfirmed">ڕۆژی ھەفتە</displayName>
			</field>
			<field type="hour">
				<displayName draft="unconfirmed">کاتژمێر</displayName>
			</field>
			<field type="minute">
				<displayName draft="unconfirmed">خولەک</displayName>
			</field>
			<field type="second">
				<displayName draft="unconfirmed">چرکە</displayName>
			</field>
		</fields>
	</dates>
	<numbers>
		<defaultNumberingSystem>arab</defaultNumberingSystem>
		<otherNumberingSystems>
			<native>arab</native>
		</otherNumberingSystems>
		<symbols numberSystem="latn">
			<percentSign draft="unconfirmed">٪</percentSign>
			<plusSign>‎+</plusSign> <!-- includes LRM before sign -->
			<minusSign>‎-</minusSign> <!-- includes LRM before sign (002D) -->
		</symbols>
		<currencyFormats numberSystem="latn">
			<unitPattern count="one" draft="unconfirmed">{0} {1}</unitPattern>
			<unitPattern count="other" draft="unconfirmed">{0} {1}</unitPattern>
		</currencyFormats>
		<currencies>
			<currency type="AFN">
				<displayName draft="unconfirmed">ئەفغانیی ئەفغانستان</displayName>
			</currency>
			<currency type="BHD">
				<displayName draft="unconfirmed">دیناری بەحرەینی</displayName>
			</currency>
			<currency type="BZD">
				<displayName draft="unconfirmed">دۆلاری بەلیزی</displayName>
			</currency>
			<currency type="DZD">
				<displayName draft="unconfirmed">دیناری جەزائیری</displayName>
			</currency>
			<currency type="EUR">
				<displayName draft="unconfirmed">یورۆ</displayName>
			</currency>
			<currency type="IQD">
				<displayName draft="unconfirmed">دیناری عێراقی</displayName>
			</currency>
			<currency type="IRR">
				<displayName draft="unconfirmed">ڕیاڵی ئێرانی</displayName>
			</currency>
			<currency type="JOD">
				<displayName draft="unconfirmed">دیناری ئوردنی</displayName>
			</currency>
			<currency type="KWD">
				<displayName draft="unconfirmed">دیناری کووەیتی</displayName>
			</currency>
			<currency type="OMR">
				<displayName draft="unconfirmed">ڕیاڵی عومانی</displayName>
			</currency>
			<currency type="QAR">
				<displayName draft="unconfirmed">ڕیاڵی قەتەری</displayName>
			</currency>
			<currency type="SAR">
				<displayName draft="unconfirmed">ڕیاڵی سەعوودی</displayName>
			</currency>
			<currency type="TND">
				<displayName draft="unconfirmed">دیناری توونس</displayName>
			</currency>
			<currency type="TRY">
				<displayName draft="unconfirmed">لیرەی تورکیا</displayName>
			</currency>
			<currency type="TTD">
				<displayName draft="unconfirmed">دۆلاری ترینیداد و تۆباگۆ</displayName>
			</currency>
			<currency type="XAU">
				<displayName draft="unconfirmed">زێڕ</displayName>
			</currency>
		</currencies>
	</numbers>
</ldml>

