<?xml version="1.0" encoding="UTF-8" ?>
<!DOCTYPE ldml SYSTEM "../../common/dtd/ldml.dtd">
<!-- Copyright © 1991-2015 Unicode, Inc.
CLDR data files are interpreted according to the LDML specification (http://unicode.org/reports/tr35/)
For terms of use, see http://www.unicode.org/copyright.html
-->
<ldml>
	<identity>
		<version number="$Revision: 11914 $"/>
		<language type="de"/>
		<territory type="AT"/>
	</identity>
	<localeDisplayNames>
		<measurementSystemNames>
			<measurementSystemName type="metric" draft="contributed">Internationales Maßsystem (SI)</measurementSystemName>
			<measurementSystemName type="UK" draft="contributed">Englisches Maßsystem</measurementSystemName>
			<measurementSystemName type="US" draft="contributed">Angloamerikanisches Maßsystem</measurementSystemName>
		</measurementSystemNames>
	</localeDisplayNames>
	<characters>
		<exemplarCharacters type="index">[A Ä B C D E F G H I J K L M N O Ö P Q R S T U Ü V W X Y Z]</exemplarCharacters>
	</characters>
	<dates>
		<calendars>
			<calendar type="gregorian">
				<months>
					<monthContext type="format">
						<monthWidth type="abbreviated">
							<month type="1">Jän.</month>
							<month type="2">Feb.</month>
							<month type="3">März</month>
							<month type="4">Apr.</month>
							<month type="5">Mai</month>
							<month type="6">Juni</month>
							<month type="7">Juli</month>
							<month type="8">Aug.</month>
							<month type="9">Sep.</month>
							<month type="10">Okt.</month>
							<month type="11">Nov.</month>
							<month type="12">Dez.</month>
						</monthWidth>
						<monthWidth type="wide">
							<month type="1">Jänner</month>
							<month type="2">Februar</month>
							<month type="3">März</month>
							<month type="4">April</month>
							<month type="5">Mai</month>
							<month type="6">Juni</month>
							<month type="7">Juli</month>
							<month type="8">August</month>
							<month type="9">September</month>
							<month type="10">Oktober</month>
							<month type="11">November</month>
							<month type="12">Dezember</month>
						</monthWidth>
					</monthContext>
					<monthContext type="stand-alone">
						<monthWidth type="abbreviated">
							<month type="1">Jän</month>
							<month type="2">Feb</month>
							<month type="3">Mär</month>
							<month type="4">Apr</month>
							<month type="5">Mai</month>
							<month type="6">Jun</month>
							<month type="7">Jul</month>
							<month type="8">Aug</month>
							<month type="9">Sep</month>
							<month type="10">Okt</month>
							<month type="11">Nov</month>
							<month type="12">Dez</month>
						</monthWidth>
						<monthWidth type="wide">
							<month type="1">Jänner</month>
							<month type="2">Februar</month>
							<month type="3">März</month>
							<month type="4">April</month>
							<month type="5">Mai</month>
							<month type="6">Juni</month>
							<month type="7">Juli</month>
							<month type="8">August</month>
							<month type="9">September</month>
							<month type="10">Oktober</month>
							<month type="11">November</month>
							<month type="12">Dezember</month>
						</monthWidth>
					</monthContext>
				</months>
			</calendar>
		</calendars>
	</dates>
	<numbers>
		<symbols numberSystem="latn">
			<group draft="contributed"> </group>
		</symbols>
		<currencyFormats numberSystem="latn">
			<currencyFormatLength>
				<currencyFormat type="standard">
					<pattern>¤ #,##0.00</pattern>
				</currencyFormat>
			</currencyFormatLength>
		</currencyFormats>
	</numbers>
</ldml>

