<?xml version="1.0" encoding="UTF-8" ?>
<!DOCTYPE ldml SYSTEM "../../common/dtd/ldml.dtd">
<!-- Copyright © 1991-2015 Unicode, Inc.
CLDR data files are interpreted according to the LDML specification (http://unicode.org/reports/tr35/)
For terms of use, see http://www.unicode.org/copyright.html
-->
<ldml>
	<identity>
		<version number="$Revision: 11987 $"/>
		<language type="de"/>
		<territory type="CH"/>
	</identity>
	<localeDisplayNames>
		<languages>
			<language type="be">Weissrussisch</language>
			<language type="prg" draft="contributed">Altpreussisch</language>
		</languages>
		<territories>
			<territory type="BD">Bangladesh</territory>
			<territory type="BN">Brunei</territory>
			<territory type="BW">Botswana</territory>
			<territory type="BY">Weissrussland</territory>
			<territory type="CV" draft="provisional">Kapverden</territory>
			<territory type="DJ" draft="provisional">Djibouti</territory>
			<territory type="GB">Grossbritannien</territory>
			<territory type="MH">Marshall-Inseln</territory>
			<territory type="QO">Äusseres Ozeanien</territory>
			<territory type="RW" draft="provisional">Rwanda</territory>
			<territory type="SB">Salomon-Inseln</territory>
			<territory type="ST" draft="provisional">Sao Tomé und Principe</territory>
			<territory type="ZW">Zimbabwe</territory>
		</territories>
		<keys>
			<key type="colCaseFirst" draft="contributed">Sortierung nach Gross- bzw. Kleinbuchstaben</key>
			<key type="colCaseLevel" draft="contributed">Sortierung nach Gross- oder Kleinschreibung</key>
			<key type="ms">Mass-System</key>
		</keys>
		<types>
			<type key="colCaseFirst" type="upper" draft="contributed">Grossbuchstaben zuerst aufführen</type>
			<type key="colCaseLevel" type="no" draft="contributed">Ohne Gross-/Kleinschreibung sortieren</type>
			<type key="colCaseLevel" type="yes" draft="contributed">Nach Gross-/Kleinschreibung sortieren</type>
			<type key="ms" type="uksystem">britisches Mass-System</type>
			<type key="ms" type="ussystem">US Mass-System</type>
		</types>
	</localeDisplayNames>
	<characters>
		<exemplarCharacters>[a ä b c d e f g h i j k l m n o ö p q r s t u ü v w x y z]</exemplarCharacters>
		<exemplarCharacters type="auxiliary">[á à ă â å ã ā æ ç é è ĕ ê ë ē ğ í ì ĭ î ï İ ī ı ñ ó ò ŏ ô ø ō œ ş ß ú ù ŭ û ū ÿ]</exemplarCharacters>
	</characters>
	<numbers>
		<symbols numberSystem="latn">
			<decimal>.</decimal>
			<group>'</group>
		</symbols>
		<percentFormats numberSystem="latn">
			<percentFormatLength>
				<percentFormat>
					<pattern draft="contributed">#,##0%</pattern>
				</percentFormat>
			</percentFormatLength>
		</percentFormats>
		<currencyFormats numberSystem="latn">
			<currencyFormatLength>
				<currencyFormat type="standard">
					<pattern>¤ #,##0.00;¤-#,##0.00</pattern>
				</currencyFormat>
			</currencyFormatLength>
		</currencyFormats>
		<currencies>
			<currency type="BYR">
				<displayName>Weissrussischer Rubel</displayName>
				<displayName count="one">Weissrussischer Rubel</displayName>
				<displayName count="other">Weissrussische Rubel</displayName>
			</currency>
			<currency type="EUR">
				<symbol draft="contributed">EUR</symbol>
				<symbol alt="narrow" draft="contributed">EUR</symbol>
			</currency>
		</currencies>
	</numbers>
	<units>
		<unitLength type="long">
			<unit type="area-square-foot">
				<displayName>Quadratfuss</displayName>
				<unitPattern count="one">{0} Quadratfuss</unitPattern>
				<unitPattern count="other">{0} Quadratfuss</unitPattern>
			</unit>
			<unit type="length-foot">
				<displayName>Fuss</displayName>
				<unitPattern count="one">{0} Fuss</unitPattern>
				<unitPattern count="other">{0} Fuss</unitPattern>
				<perUnitPattern>{0} pro Fuss</perUnitPattern>
			</unit>
			<unit type="volume-cubic-foot">
				<displayName>Kubikfuss</displayName>
				<unitPattern count="one">{0} Kubikfuss</unitPattern>
				<unitPattern count="other">{0} Kubikfuss</unitPattern>
			</unit>
		</unitLength>
		<unitLength type="short">
			<unit type="length-foot">
				<displayName>Fuss</displayName>
			</unit>
		</unitLength>
	</units>
</ldml>

