<?xml version="1.0" encoding="UTF-8" ?>
<!DOCTYPE ldml SYSTEM "../../common/dtd/ldml.dtd">
<!-- Copyright © 1991-2015 Unicode, Inc.
CLDR data files are interpreted according to the LDML specification (http://unicode.org/reports/tr35/)
For terms of use, see http://www.unicode.org/copyright.html
-->
<ldml>
	<identity>
		<version number="$Revision: 11914 $"/>
		<language type="de"/>
		<territory type="LI"/>
	</identity>
	<dates>
		<calendars>
			<calendar type="gregorian">
				<dayPeriods>
					<dayPeriodContext type="stand-alone">
						<dayPeriodWidth type="narrow">
							<dayPeriod type="am" draft="contributed">vm.</dayPeriod>
							<dayPeriod type="pm" draft="contributed">nm.</dayPeriod>
						</dayPeriodWidth>
					</dayPeriodContext>
				</dayPeriods>
			</calendar>
		</calendars>
	</dates>
	<numbers>
		<symbols numberSystem="latn">
			<decimal>.</decimal>
			<group>'</group>
		</symbols>
		<percentFormats numberSystem="latn">
			<percentFormatLength>
				<percentFormat>
					<pattern draft="contributed">#,##0%</pattern>
				</percentFormat>
			</percentFormatLength>
		</percentFormats>
		<currencyFormats numberSystem="latn">
			<currencyFormatLength>
				<currencyFormat type="standard">
					<pattern>¤ #,##0.00</pattern>
				</currencyFormat>
			</currencyFormatLength>
		</currencyFormats>
		<currencies>
			<currency type="EUR">
				<symbol draft="contributed">EUR</symbol>
			</currency>
		</currencies>
	</numbers>
</ldml>

