<?xml version="1.0" encoding="UTF-8" ?>
<!DOCTYPE ldml SYSTEM "../../common/dtd/ldml.dtd">
<!-- Copyright © 1991-2015 Unicode, Inc.
CLDR data files are interpreted according to the LDML specification (http://unicode.org/reports/tr35/)
For terms of use, see http://www.unicode.org/copyright.html
-->
<ldml>
	<identity>
		<version number="$Revision: 11914 $"/>
		<language type="en"/>
		<territory type="001"/>
	</identity>
	<dates>
		<calendars>
			<calendar type="chinese">
				<dateFormats>
					<dateFormatLength type="full">
						<dateFormat>
							<pattern>EEEE, d MMMM r(U)</pattern>
						</dateFormat>
					</dateFormatLength>
					<dateFormatLength type="long">
						<dateFormat>
							<pattern>d MMMM r(U)</pattern>
						</dateFormat>
					</dateFormatLength>
					<dateFormatLength type="medium">
						<dateFormat>
							<pattern>d MMM r</pattern>
						</dateFormat>
					</dateFormatLength>
					<dateFormatLength type="short">
						<dateFormat>
							<pattern>dd/MM/r</pattern>
						</dateFormat>
					</dateFormatLength>
				</dateFormats>
				<dateTimeFormats>
					<availableFormats>
						<dateFormatItem id="Ed">E d</dateFormatItem>
						<dateFormatItem id="GyMMMd">d MMM r</dateFormatItem>
						<dateFormatItem id="GyMMMEd">E, d MMM r(U)</dateFormatItem>
						<dateFormatItem id="M">LL</dateFormatItem>
						<dateFormatItem id="Md">dd/MM</dateFormatItem>
						<dateFormatItem id="MEd">E, dd/MM</dateFormatItem>
						<dateFormatItem id="MMMd">d MMM</dateFormatItem>
						<dateFormatItem id="MMMEd">E, d MMM</dateFormatItem>
						<dateFormatItem id="MMMMd">d MMMM</dateFormatItem>
						<dateFormatItem id="UMd">dd/MM/U</dateFormatItem>
						<dateFormatItem id="UMMMd">d MMM U</dateFormatItem>
						<dateFormatItem id="yMd">dd/MM/r</dateFormatItem>
						<dateFormatItem id="yyyyM">MM/r</dateFormatItem>
						<dateFormatItem id="yyyyMd">dd/MM/r</dateFormatItem>
						<dateFormatItem id="yyyyMEd">E, dd/MM/r</dateFormatItem>
						<dateFormatItem id="yyyyMMMd">d MMM r</dateFormatItem>
						<dateFormatItem id="yyyyMMMEd">E, d MMM r(U)</dateFormatItem>
					</availableFormats>
					<intervalFormats>
						<intervalFormatItem id="Md">
							<greatestDifference id="d">dd/MM – dd/MM</greatestDifference>
							<greatestDifference id="M">dd/MM – dd/MM</greatestDifference>
						</intervalFormatItem>
						<intervalFormatItem id="MEd">
							<greatestDifference id="d">E dd/MM – E dd/MM</greatestDifference>
							<greatestDifference id="M">E dd/MM – E dd/MM</greatestDifference>
						</intervalFormatItem>
						<intervalFormatItem id="MMMd">
							<greatestDifference id="d">d – d MMM</greatestDifference>
							<greatestDifference id="M">d MMM – d MMM</greatestDifference>
						</intervalFormatItem>
						<intervalFormatItem id="MMMEd">
							<greatestDifference id="d">E d – E d MMM</greatestDifference>
							<greatestDifference id="M">E d MMM – E d MMM</greatestDifference>
						</intervalFormatItem>
						<intervalFormatItem id="yM">
							<greatestDifference id="M">MM/y – MM/y</greatestDifference>
							<greatestDifference id="y">MM/y – MM/y</greatestDifference>
						</intervalFormatItem>
						<intervalFormatItem id="yMd">
							<greatestDifference id="d">dd/MM/y – dd/MM/y</greatestDifference>
							<greatestDifference id="M">dd/MM/y – dd/MM/y</greatestDifference>
							<greatestDifference id="y">dd/MM/y – dd/MM/y</greatestDifference>
						</intervalFormatItem>
						<intervalFormatItem id="yMEd">
							<greatestDifference id="d">E, dd/MM/y – E, dd/MM/y</greatestDifference>
							<greatestDifference id="M">E, dd/MM/y – E, dd/MM/y</greatestDifference>
							<greatestDifference id="y">E, dd/MM/y – E, dd/MM/y</greatestDifference>
						</intervalFormatItem>
						<intervalFormatItem id="yMMMd">
							<greatestDifference id="d">d – d MMM U</greatestDifference>
							<greatestDifference id="M">d MMM – d MMM U</greatestDifference>
							<greatestDifference id="y">d MMM U – d MMM U</greatestDifference>
						</intervalFormatItem>
						<intervalFormatItem id="yMMMEd">
							<greatestDifference id="d">E, d – E, d MMM U</greatestDifference>
							<greatestDifference id="M">E, d MMM – E, d MMM U</greatestDifference>
							<greatestDifference id="y">E, d MMM U – E, d MMM U</greatestDifference>
						</intervalFormatItem>
					</intervalFormats>
				</dateTimeFormats>
			</calendar>
			<calendar type="generic">
				<dateFormats>
					<dateFormatLength type="full">
						<dateFormat>
							<pattern>EEEE, d MMMM y G</pattern>
						</dateFormat>
					</dateFormatLength>
					<dateFormatLength type="long">
						<dateFormat>
							<pattern>d MMMM y G</pattern>
						</dateFormat>
					</dateFormatLength>
					<dateFormatLength type="medium">
						<dateFormat>
							<pattern>d MMM y G</pattern>
						</dateFormat>
					</dateFormatLength>
					<dateFormatLength type="short">
						<dateFormat>
							<pattern>dd/MM/y GGGGG</pattern>
						</dateFormat>
					</dateFormatLength>
				</dateFormats>
				<dateTimeFormats>
					<availableFormats>
						<dateFormatItem id="Ed">E d</dateFormatItem>
						<dateFormatItem id="GyMMMd">d MMM y G</dateFormatItem>
						<dateFormatItem id="GyMMMEd">E, d MMM y G</dateFormatItem>
						<dateFormatItem id="M">LL</dateFormatItem>
						<dateFormatItem id="Md">dd/MM</dateFormatItem>
						<dateFormatItem id="MEd">E, dd/MM</dateFormatItem>
						<dateFormatItem id="MMMd">d MMM</dateFormatItem>
						<dateFormatItem id="MMMEd">E, d MMM</dateFormatItem>
						<dateFormatItem id="MMMMd">d MMMM</dateFormatItem>
						<dateFormatItem id="yyyyM">MM/y GGGGG</dateFormatItem>
						<dateFormatItem id="yyyyMd">dd/MM/y GGGGG</dateFormatItem>
						<dateFormatItem id="yyyyMEd">E, dd/MM/y GGGGG</dateFormatItem>
						<dateFormatItem id="yyyyMMMd">d MMM y G</dateFormatItem>
						<dateFormatItem id="yyyyMMMEd">E, d MMM y G</dateFormatItem>
					</availableFormats>
					<intervalFormats>
						<intervalFormatItem id="Md">
							<greatestDifference id="d">dd/MM – dd/MM</greatestDifference>
							<greatestDifference id="M">dd/MM – dd/MM</greatestDifference>
						</intervalFormatItem>
						<intervalFormatItem id="MEd">
							<greatestDifference id="d">E dd/MM – E dd/MM</greatestDifference>
							<greatestDifference id="M">E dd/MM – E dd/MM</greatestDifference>
						</intervalFormatItem>
						<intervalFormatItem id="MMMd">
							<greatestDifference id="d">d – d MMM</greatestDifference>
							<greatestDifference id="M">d MMM – d MMM</greatestDifference>
						</intervalFormatItem>
						<intervalFormatItem id="MMMEd">
							<greatestDifference id="d">E d – E d MMM</greatestDifference>
							<greatestDifference id="M">E d MMM – E d MMM</greatestDifference>
						</intervalFormatItem>
						<intervalFormatItem id="yM">
							<greatestDifference id="M">MM/y – MM/y GGGGG</greatestDifference>
							<greatestDifference id="y">MM/y – MM/y GGGGG</greatestDifference>
						</intervalFormatItem>
						<intervalFormatItem id="yMd">
							<greatestDifference id="d">dd/MM/y – dd/MM/y GGGGG</greatestDifference>
							<greatestDifference id="M">dd/MM/y – dd/MM/y GGGGG</greatestDifference>
							<greatestDifference id="y">dd/MM/y – dd/MM/y GGGGG</greatestDifference>
						</intervalFormatItem>
						<intervalFormatItem id="yMEd">
							<greatestDifference id="d">E, dd/MM/y – E, dd/MM/y GGGGG</greatestDifference>
							<greatestDifference id="M">E, dd/MM/y – E, dd/MM/y GGGGG</greatestDifference>
							<greatestDifference id="y">E, dd/MM/y – E, dd/MM/y GGGGG</greatestDifference>
						</intervalFormatItem>
						<intervalFormatItem id="yMMMd">
							<greatestDifference id="d">d – d MMM y G</greatestDifference>
							<greatestDifference id="M">d MMM – d MMM y G</greatestDifference>
							<greatestDifference id="y">d MMM y – d MMM y G</greatestDifference>
						</intervalFormatItem>
						<intervalFormatItem id="yMMMEd">
							<greatestDifference id="d">E, d – E, d MMM y G</greatestDifference>
							<greatestDifference id="M">E, d MMM – E, d MMM y G</greatestDifference>
							<greatestDifference id="y">E, d MMM y – E, d MMM y G</greatestDifference>
						</intervalFormatItem>
					</intervalFormats>
				</dateTimeFormats>
			</calendar>
			<calendar type="gregorian">
				<dateFormats>
					<dateFormatLength type="full">
						<dateFormat>
							<pattern>EEEE, d MMMM y</pattern>
						</dateFormat>
					</dateFormatLength>
					<dateFormatLength type="long">
						<dateFormat>
							<pattern>d MMMM y</pattern>
						</dateFormat>
					</dateFormatLength>
					<dateFormatLength type="medium">
						<dateFormat>
							<pattern>d MMM y</pattern>
						</dateFormat>
					</dateFormatLength>
					<dateFormatLength type="short">
						<dateFormat>
							<pattern>dd/MM/y</pattern>
						</dateFormat>
					</dateFormatLength>
				</dateFormats>
				<dateTimeFormats>
					<availableFormats>
						<dateFormatItem id="Ed">E d</dateFormatItem>
						<dateFormatItem id="GyMMMd">d MMM y G</dateFormatItem>
						<dateFormatItem id="GyMMMEd">E, d MMM y G</dateFormatItem>
						<dateFormatItem id="Md">dd/MM</dateFormatItem>
						<dateFormatItem id="MEd">E, dd/MM</dateFormatItem>
						<dateFormatItem id="MMdd">dd/MM</dateFormatItem>
						<dateFormatItem id="MMMd">d MMM</dateFormatItem>
						<dateFormatItem id="MMMEd">E, d MMM</dateFormatItem>
						<dateFormatItem id="MMMMd">d MMMM</dateFormatItem>
						<dateFormatItem id="yM">MM/y</dateFormatItem>
						<dateFormatItem id="yMd">dd/MM/y</dateFormatItem>
						<dateFormatItem id="yMEd">E, dd/MM/y</dateFormatItem>
						<dateFormatItem id="yMMMd">d MMM y</dateFormatItem>
						<dateFormatItem id="yMMMEd">E, d MMM y</dateFormatItem>
					</availableFormats>
					<intervalFormats>
						<intervalFormatItem id="Md">
							<greatestDifference id="d">dd/MM – dd/MM</greatestDifference>
							<greatestDifference id="M">dd/MM – dd/MM</greatestDifference>
						</intervalFormatItem>
						<intervalFormatItem id="MEd">
							<greatestDifference id="d">E dd/MM – E dd/MM</greatestDifference>
							<greatestDifference id="M">E dd/MM – E dd/MM</greatestDifference>
						</intervalFormatItem>
						<intervalFormatItem id="MMMd">
							<greatestDifference id="d">d – d MMM</greatestDifference>
							<greatestDifference id="M">d MMM – d MMM</greatestDifference>
						</intervalFormatItem>
						<intervalFormatItem id="MMMEd">
							<greatestDifference id="d">E d – E d MMM</greatestDifference>
							<greatestDifference id="M">E d MMM – E d MMM</greatestDifference>
						</intervalFormatItem>
						<intervalFormatItem id="yM">
							<greatestDifference id="M">MM/y – MM/y</greatestDifference>
							<greatestDifference id="y">MM/y – MM/y</greatestDifference>
						</intervalFormatItem>
						<intervalFormatItem id="yMd">
							<greatestDifference id="d">dd/MM/y – dd/MM/y</greatestDifference>
							<greatestDifference id="M">dd/MM/y – dd/MM/y</greatestDifference>
							<greatestDifference id="y">dd/MM/y – dd/MM/y</greatestDifference>
						</intervalFormatItem>
						<intervalFormatItem id="yMEd">
							<greatestDifference id="d">E, dd/MM/y – E, dd/MM/y</greatestDifference>
							<greatestDifference id="M">E, dd/MM/y – E, dd/MM/y</greatestDifference>
							<greatestDifference id="y">E, dd/MM/y – E, dd/MM/y</greatestDifference>
						</intervalFormatItem>
						<intervalFormatItem id="yMMMd">
							<greatestDifference id="d">d – d MMM y</greatestDifference>
							<greatestDifference id="M">d MMM – d MMM y</greatestDifference>
							<greatestDifference id="y">d MMM y – d MMM y</greatestDifference>
						</intervalFormatItem>
						<intervalFormatItem id="yMMMEd">
							<greatestDifference id="d">E, d – E, d MMM y</greatestDifference>
							<greatestDifference id="M">E, d MMM – E, d MMM y</greatestDifference>
							<greatestDifference id="y">E, d MMM y – E, d MMM y</greatestDifference>
						</intervalFormatItem>
					</intervalFormats>
				</dateTimeFormats>
			</calendar>
		</calendars>
		<timeZoneNames>
			<zone type="Pacific/Honolulu">
				<short>
					<generic>∅∅∅</generic>
					<standard>∅∅∅</standard>
					<daylight>∅∅∅</daylight>
				</short>
			</zone>
			<metazone type="Alaska">
				<short>
					<generic>∅∅∅</generic>
					<standard>∅∅∅</standard>
					<daylight>∅∅∅</daylight>
				</short>
			</metazone>
			<metazone type="America_Central">
				<short>
					<generic>∅∅∅</generic>
					<standard>∅∅∅</standard>
					<daylight>∅∅∅</daylight>
				</short>
			</metazone>
			<metazone type="America_Eastern">
				<short>
					<generic>∅∅∅</generic>
					<standard>∅∅∅</standard>
					<daylight>∅∅∅</daylight>
				</short>
			</metazone>
			<metazone type="America_Mountain">
				<short>
					<generic>∅∅∅</generic>
					<standard>∅∅∅</standard>
					<daylight>∅∅∅</daylight>
				</short>
			</metazone>
			<metazone type="America_Pacific">
				<short>
					<generic>∅∅∅</generic>
					<standard>∅∅∅</standard>
					<daylight>∅∅∅</daylight>
				</short>
			</metazone>
			<metazone type="Atlantic">
				<short>
					<generic>∅∅∅</generic>
					<standard>∅∅∅</standard>
					<daylight>∅∅∅</daylight>
				</short>
			</metazone>
			<metazone type="Hawaii_Aleutian">
				<short>
					<generic>∅∅∅</generic>
					<standard>∅∅∅</standard>
					<daylight>∅∅∅</daylight>
				</short>
			</metazone>
		</timeZoneNames>
	</dates>
	<numbers>
		<currencies>
			<currency type="BYB">
				<displayName>Belarusian New Rouble (1994–1999)</displayName>
				<displayName count="one">Belarusian new rouble (1994–1999)</displayName>
				<displayName count="other">Belarusian new roubles (1994–1999)</displayName>
			</currency>
			<currency type="BYR">
				<displayName>Belarusian Rouble</displayName>
				<displayName count="one">Belarusian rouble</displayName>
				<displayName count="other">Belarusian roubles</displayName>
			</currency>
			<currency type="JPY">
				<symbol>JP¥</symbol>
			</currency>
			<currency type="LVR">
				<displayName>Latvian Rouble</displayName>
				<displayName count="one">Latvian rouble</displayName>
				<displayName count="other">Latvian roubles</displayName>
			</currency>
			<currency type="RUB">
				<displayName>Russian Rouble</displayName>
				<displayName count="one">Russian rouble</displayName>
				<displayName count="other">Russian roubles</displayName>
			</currency>
			<currency type="RUR">
				<displayName>Russian Rouble (1991–1998)</displayName>
				<displayName count="one">Russian rouble (1991–1998)</displayName>
				<displayName count="other">Russian roubles (1991–1998)</displayName>
			</currency>
			<currency type="TJR">
				<displayName>Tajikistani Rouble</displayName>
				<displayName count="one">Tajikistani rouble</displayName>
				<displayName count="other">Tajikistani roubles</displayName>
			</currency>
			<currency type="USD">
				<symbol>US$</symbol>
			</currency>
		</currencies>
	</numbers>
	<units>
		<unitLength type="long">
			<unit type="acceleration-meter-per-second-squared">
				<displayName>metres per second squared</displayName>
				<unitPattern count="one">{0} metre per second squared</unitPattern>
				<unitPattern count="other">{0} metres per second squared</unitPattern>
			</unit>
			<unit type="area-square-kilometer">
				<displayName>square kilometres</displayName>
				<unitPattern count="one">{0} square kilometre</unitPattern>
				<unitPattern count="other">{0} square kilometres</unitPattern>
			</unit>
			<unit type="area-square-meter">
				<displayName>square metres</displayName>
				<unitPattern count="one">{0} square metre</unitPattern>
				<unitPattern count="other">{0} square metres</unitPattern>
				<perUnitPattern>{0} per square metre</perUnitPattern>
			</unit>
			<unit type="area-square-centimeter">
				<displayName>square centimetres</displayName>
				<unitPattern count="one">{0} square centimetre</unitPattern>
				<unitPattern count="other">{0} square centimetres</unitPattern>
				<perUnitPattern>{0} per square centimetre</perUnitPattern>
			</unit>
			<unit type="consumption-liter-per-kilometer">
				<displayName>litres per kilometre</displayName>
				<unitPattern count="one">{0} litre per kilometre</unitPattern>
				<unitPattern count="other">{0} litres per kilometre</unitPattern>
			</unit>
			<unit type="consumption-liter-per-100kilometers">
				<displayName>litres per 100 kilometres</displayName>
				<unitPattern count="one">{0} litre per 100 kilometres</unitPattern>
				<unitPattern count="other">{0} litres per 100 kilometres</unitPattern>
			</unit>
			<unit type="length-kilometer">
				<displayName>kilometres</displayName>
				<unitPattern count="one">{0} kilometre</unitPattern>
				<unitPattern count="other">{0} kilometres</unitPattern>
				<perUnitPattern>{0} per kilometre</perUnitPattern>
			</unit>
			<unit type="length-meter">
				<displayName>metres</displayName>
				<unitPattern count="one">{0} metre</unitPattern>
				<unitPattern count="other">{0} metres</unitPattern>
				<perUnitPattern>{0} per metre</perUnitPattern>
			</unit>
			<unit type="length-decimeter">
				<displayName>decimetre</displayName>
				<unitPattern count="one">{0} decimetre</unitPattern>
				<unitPattern count="other">{0} decimetres</unitPattern>
			</unit>
			<unit type="length-centimeter">
				<displayName>centimetres</displayName>
				<unitPattern count="one">{0} centimetre</unitPattern>
				<unitPattern count="other">{0} centimetres</unitPattern>
				<perUnitPattern>{0} per centimetre</perUnitPattern>
			</unit>
			<unit type="length-millimeter">
				<displayName>millimetres</displayName>
				<unitPattern count="one">{0} millimetre</unitPattern>
				<unitPattern count="other">{0} millimetres</unitPattern>
			</unit>
			<unit type="length-micrometer">
				<displayName>micrometre</displayName>
				<unitPattern count="one">{0} micrometre</unitPattern>
				<unitPattern count="other">{0} micrometres</unitPattern>
			</unit>
			<unit type="length-nanometer">
				<displayName>nanometres</displayName>
				<unitPattern count="one">{0} nanometre</unitPattern>
				<unitPattern count="other">{0} nanometres</unitPattern>
			</unit>
			<unit type="length-picometer">
				<displayName>picometres</displayName>
				<unitPattern count="one">{0} picometre</unitPattern>
				<unitPattern count="other">{0} picometres</unitPattern>
			</unit>
			<unit type="pressure-millimeter-of-mercury">
				<displayName>millimetres of mercury</displayName>
				<unitPattern count="one">{0} millimetre of mercury</unitPattern>
				<unitPattern count="other">{0} millimetres of mercury</unitPattern>
			</unit>
			<unit type="speed-kilometer-per-hour">
				<displayName>kilometres per hour</displayName>
				<unitPattern count="one">{0} kilometre per hour</unitPattern>
				<unitPattern count="other">{0} kilometres per hour</unitPattern>
			</unit>
			<unit type="speed-meter-per-second">
				<displayName>metres per second</displayName>
				<unitPattern count="one">{0} metre per second</unitPattern>
				<unitPattern count="other">{0} metres per second</unitPattern>
			</unit>
			<unit type="volume-cubic-kilometer">
				<displayName>cubic kilometres</displayName>
				<unitPattern count="one">{0} cubic kilometre</unitPattern>
				<unitPattern count="other">{0} cubic kilometres</unitPattern>
			</unit>
			<unit type="volume-cubic-meter">
				<displayName>cubic metres</displayName>
				<unitPattern count="one">{0} cubic metre</unitPattern>
				<unitPattern count="other">{0} cubic metres</unitPattern>
				<perUnitPattern>{0} per cubic metre</perUnitPattern>
			</unit>
			<unit type="volume-cubic-centimeter">
				<displayName>cubic centimetres</displayName>
				<unitPattern count="one">{0} cubic centimetre</unitPattern>
				<unitPattern count="other">{0} cubic centimetres</unitPattern>
				<perUnitPattern>{0} per cubic centimetre</perUnitPattern>
			</unit>
			<unit type="volume-megaliter">
				<displayName>megalitres</displayName>
				<unitPattern count="one">{0} megalitre</unitPattern>
				<unitPattern count="other">{0} megalitres</unitPattern>
			</unit>
			<unit type="volume-hectoliter">
				<displayName>hectolitres</displayName>
				<unitPattern count="one">{0} hectolitre</unitPattern>
				<unitPattern count="other">{0} hectolitres</unitPattern>
			</unit>
			<unit type="volume-liter">
				<displayName>litres</displayName>
				<unitPattern count="one">{0} litre</unitPattern>
				<unitPattern count="other">{0} litres</unitPattern>
				<perUnitPattern>{0} per litre</perUnitPattern>
			</unit>
			<unit type="volume-deciliter">
				<displayName>decilitres</displayName>
				<unitPattern count="one">{0} decilitre</unitPattern>
				<unitPattern count="other">{0} decilitres</unitPattern>
			</unit>
			<unit type="volume-centiliter">
				<displayName>centilitres</displayName>
				<unitPattern count="one">{0} centilitre</unitPattern>
				<unitPattern count="other">{0} centilitres</unitPattern>
			</unit>
			<unit type="volume-milliliter">
				<displayName>millilitres</displayName>
				<unitPattern count="one">{0} millilitre</unitPattern>
				<unitPattern count="other">{0} millilitres</unitPattern>
			</unit>
		</unitLength>
		<unitLength type="short">
			<unit type="acceleration-meter-per-second-squared">
				<displayName>metres/sec²</displayName>
			</unit>
			<unit type="consumption-liter-per-kilometer">
				<displayName>litres/km</displayName>
				<unitPattern count="one">{0} l/km</unitPattern>
				<unitPattern count="other">{0} l/km</unitPattern>
			</unit>
			<unit type="consumption-liter-per-100kilometers">
				<displayName>l/100 km</displayName>
				<unitPattern count="one">{0} l/100 km</unitPattern>
				<unitPattern count="other">{0} l/100 km</unitPattern>
			</unit>
			<unit type="duration-hour">
				<unitPattern count="one">{0} hr</unitPattern>
				<unitPattern count="other">{0} hrs</unitPattern>
			</unit>
			<unit type="duration-minute">
				<unitPattern count="one">{0} min</unitPattern>
				<unitPattern count="other">{0} mins</unitPattern>
			</unit>
			<unit type="duration-second">
				<unitPattern count="one">{0} sec</unitPattern>
				<unitPattern count="other">{0} secs</unitPattern>
			</unit>
			<unit type="length-meter">
				<displayName>metres</displayName>
			</unit>
			<unit type="length-micrometer">
				<displayName>µmetres</displayName>
			</unit>
			<unit type="speed-meter-per-second">
				<displayName>metres/sec</displayName>
			</unit>
			<unit type="volume-megaliter">
				<displayName>Ml</displayName>
				<unitPattern count="one">{0} Ml</unitPattern>
				<unitPattern count="other">{0} Ml</unitPattern>
			</unit>
			<unit type="volume-hectoliter">
				<displayName>hl</displayName>
				<unitPattern count="one">{0} hl</unitPattern>
				<unitPattern count="other">{0} hl</unitPattern>
			</unit>
			<unit type="volume-liter">
				<displayName>litres</displayName>
				<unitPattern count="one">{0} l</unitPattern>
				<unitPattern count="other">{0} l</unitPattern>
			</unit>
			<unit type="volume-deciliter">
				<displayName>dl</displayName>
				<unitPattern count="one">{0} dl</unitPattern>
				<unitPattern count="other">{0} dl</unitPattern>
			</unit>
			<unit type="volume-centiliter">
				<displayName>cl</displayName>
				<unitPattern count="one">{0} cl</unitPattern>
				<unitPattern count="other">{0} cl</unitPattern>
			</unit>
			<unit type="volume-milliliter">
				<displayName>ml</displayName>
				<unitPattern count="one">{0} ml</unitPattern>
				<unitPattern count="other">{0} ml</unitPattern>
			</unit>
		</unitLength>
		<unitLength type="narrow">
			<unit type="consumption-liter-per-kilometer">
				<displayName>l/km</displayName>
				<unitPattern count="one">{0}l/km</unitPattern>
				<unitPattern count="other">{0}l/km</unitPattern>
			</unit>
			<unit type="consumption-liter-per-100kilometers">
				<displayName>l/100km</displayName>
				<unitPattern count="one">{0}l/100km</unitPattern>
				<unitPattern count="other">{0}l/100km</unitPattern>
			</unit>
			<unit type="mass-pound">
				<unitPattern count="one">{0}lb</unitPattern>
				<unitPattern count="other">{0}lb</unitPattern>
			</unit>
			<unit type="temperature-celsius">
				<unitPattern count="one">{0}°</unitPattern>
				<unitPattern count="other">{0}°</unitPattern>
			</unit>
			<unit type="temperature-fahrenheit">
				<unitPattern count="one">{0}°F</unitPattern>
				<unitPattern count="other">{0}°F</unitPattern>
			</unit>
			<unit type="volume-megaliter">
				<displayName>Ml</displayName>
				<unitPattern count="one">{0}Ml</unitPattern>
				<unitPattern count="other">{0}Ml</unitPattern>
			</unit>
			<unit type="volume-hectoliter">
				<displayName>hl</displayName>
				<unitPattern count="one">{0}hl</unitPattern>
				<unitPattern count="other">{0}hl</unitPattern>
			</unit>
			<unit type="volume-liter">
				<displayName>litre</displayName>
				<unitPattern count="one">{0}l</unitPattern>
				<unitPattern count="other">{0}l</unitPattern>
				<perUnitPattern>{0}/l</perUnitPattern>
			</unit>
			<unit type="volume-deciliter">
				<displayName>dl</displayName>
				<unitPattern count="one">{0}dl</unitPattern>
				<unitPattern count="other">{0}dl</unitPattern>
			</unit>
			<unit type="volume-centiliter">
				<displayName>cl</displayName>
				<unitPattern count="one">{0}cl</unitPattern>
				<unitPattern count="other">{0}cl</unitPattern>
			</unit>
			<unit type="volume-milliliter">
				<displayName>ml</displayName>
				<unitPattern count="one">{0}ml</unitPattern>
				<unitPattern count="other">{0}ml</unitPattern>
			</unit>
		</unitLength>
	</units>
</ldml>

