<?xml version="1.0" encoding="UTF-8" ?>
<!DOCTYPE ldml SYSTEM "../../common/dtd/ldml.dtd">
<!-- Copyright © 1991-2015 Unicode, Inc.
CLDR data files are interpreted according to the LDML specification (http://unicode.org/reports/tr35/)
For terms of use, see http://www.unicode.org/copyright.html
-->
<ldml>
	<identity>
		<version number="$Revision: 11914 $"/>
		<language type="en"/>
		<territory type="BZ"/>
	</identity>
	<dates>
		<calendars>
			<calendar type="generic">
				<dateFormats>
					<dateFormatLength type="full">
						<dateFormat>
							<pattern draft="contributed">EEEE, dd MMMM y G</pattern>
						</dateFormat>
					</dateFormatLength>
					<dateFormatLength type="long">
						<dateFormat>
							<pattern draft="contributed">dd MMMM y G</pattern>
						</dateFormat>
					</dateFormatLength>
					<dateFormatLength type="medium">
						<dateFormat>
							<pattern>dd-MMM-y G</pattern>
						</dateFormat>
					</dateFormatLength>
				</dateFormats>
				<dateTimeFormats>
					<availableFormats>
						<dateFormatItem id="MMMd">dd MMM</dateFormatItem>
						<dateFormatItem id="MMMEd">E, dd MMM</dateFormatItem>
						<dateFormatItem id="yyyyM" draft="contributed">MM/y G</dateFormatItem>
						<dateFormatItem id="yyyyMd" draft="contributed">dd/MM/y G</dateFormatItem>
						<dateFormatItem id="yyyyMEd" draft="contributed">E, dd/MM/y G</dateFormatItem>
						<dateFormatItem id="yyyyMMMd">dd MMM y G</dateFormatItem>
						<dateFormatItem id="yyyyMMMEd">E, dd MMM y G</dateFormatItem>
					</availableFormats>
					<intervalFormats>
						<intervalFormatItem id="Md">
							<greatestDifference id="d" draft="unconfirmed">M/d – M/d</greatestDifference>
							<greatestDifference id="M" draft="unconfirmed">M/d – M/d</greatestDifference>
						</intervalFormatItem>
						<intervalFormatItem id="MEd">
							<greatestDifference id="d" draft="unconfirmed">E, M/d – E, M/d</greatestDifference>
							<greatestDifference id="M" draft="unconfirmed">E, M/d – E, M/d</greatestDifference>
						</intervalFormatItem>
						<intervalFormatItem id="MMMd">
							<greatestDifference id="d" draft="unconfirmed">MMM d – d</greatestDifference>
							<greatestDifference id="M" draft="unconfirmed">MMM d – MMM d</greatestDifference>
						</intervalFormatItem>
						<intervalFormatItem id="MMMEd">
							<greatestDifference id="d" draft="unconfirmed">E, MMM d – E, MMM d</greatestDifference>
							<greatestDifference id="M" draft="unconfirmed">E, MMM d – E, MMM d</greatestDifference>
						</intervalFormatItem>
						<intervalFormatItem id="yM">
							<greatestDifference id="M" draft="unconfirmed">M/y – M/y G</greatestDifference>
							<greatestDifference id="y" draft="unconfirmed">M/y – M/y G</greatestDifference>
						</intervalFormatItem>
						<intervalFormatItem id="yMd">
							<greatestDifference id="d" draft="unconfirmed">M/d/y – M/d/y G</greatestDifference>
							<greatestDifference id="M" draft="unconfirmed">M/d/y – M/d/y G</greatestDifference>
							<greatestDifference id="y" draft="unconfirmed">M/d/y – M/d/y G</greatestDifference>
						</intervalFormatItem>
						<intervalFormatItem id="yMEd">
							<greatestDifference id="d" draft="unconfirmed">E, M/d/y – E, M/d/y G</greatestDifference>
							<greatestDifference id="M" draft="unconfirmed">E, M/d/y – E, M/d/y G</greatestDifference>
							<greatestDifference id="y" draft="unconfirmed">E, M/d/y – E, M/d/y G</greatestDifference>
						</intervalFormatItem>
						<intervalFormatItem id="yMMMd">
							<greatestDifference id="d" draft="unconfirmed">MMM d – d, y G</greatestDifference>
							<greatestDifference id="M" draft="unconfirmed">MMM d – MMM d, y G</greatestDifference>
							<greatestDifference id="y" draft="unconfirmed">MMM d, y – MMM d, y G</greatestDifference>
						</intervalFormatItem>
						<intervalFormatItem id="yMMMEd">
							<greatestDifference id="d" draft="unconfirmed">E, MMM d – E, MMM d, y G</greatestDifference>
							<greatestDifference id="M" draft="unconfirmed">E, MMM d – E, MMM d, y G</greatestDifference>
							<greatestDifference id="y" draft="unconfirmed">E, MMM d, y – E, MMM d, y G</greatestDifference>
						</intervalFormatItem>
					</intervalFormats>
				</dateTimeFormats>
			</calendar>
			<calendar type="gregorian">
				<dateFormats>
					<dateFormatLength type="full">
						<dateFormat>
							<pattern draft="contributed">EEEE, dd MMMM y</pattern>
						</dateFormat>
					</dateFormatLength>
					<dateFormatLength type="long">
						<dateFormat>
							<pattern draft="contributed">dd MMMM y</pattern>
						</dateFormat>
					</dateFormatLength>
					<dateFormatLength type="medium">
						<dateFormat>
							<pattern>dd-MMM-y</pattern>
						</dateFormat>
					</dateFormatLength>
					<dateFormatLength type="short">
						<dateFormat>
							<pattern draft="contributed">dd/MM/yy</pattern>
						</dateFormat>
					</dateFormatLength>
				</dateFormats>
				<timeFormats>
					<timeFormatLength type="full">
						<timeFormat>
							<pattern draft="contributed">HH:mm:ss zzzz</pattern>
						</timeFormat>
					</timeFormatLength>
					<timeFormatLength type="long">
						<timeFormat>
							<pattern draft="contributed">HH:mm:ss z</pattern>
						</timeFormat>
					</timeFormatLength>
					<timeFormatLength type="medium">
						<timeFormat>
							<pattern draft="contributed">HH:mm:ss</pattern>
						</timeFormat>
					</timeFormatLength>
					<timeFormatLength type="short">
						<timeFormat>
							<pattern draft="contributed">HH:mm</pattern>
						</timeFormat>
					</timeFormatLength>
				</timeFormats>
				<dateTimeFormats>
					<availableFormats>
						<dateFormatItem id="MMMd">dd MMM</dateFormatItem>
						<dateFormatItem id="MMMEd">E, dd MMM</dateFormatItem>
						<dateFormatItem id="yMMMd">dd MMM y</dateFormatItem>
						<dateFormatItem id="yMMMEd">E, dd MMM y</dateFormatItem>
					</availableFormats>
					<intervalFormats>
						<intervalFormatItem id="Md">
							<greatestDifference id="d" draft="unconfirmed">M/d – M/d</greatestDifference>
							<greatestDifference id="M" draft="unconfirmed">M/d – M/d</greatestDifference>
						</intervalFormatItem>
						<intervalFormatItem id="MEd">
							<greatestDifference id="d" draft="unconfirmed">E, M/d – E, M/d</greatestDifference>
							<greatestDifference id="M" draft="unconfirmed">E, M/d – E, M/d</greatestDifference>
						</intervalFormatItem>
						<intervalFormatItem id="MMMd">
							<greatestDifference id="d" draft="unconfirmed">MMM d – d</greatestDifference>
							<greatestDifference id="M" draft="unconfirmed">MMM d – MMM d</greatestDifference>
						</intervalFormatItem>
						<intervalFormatItem id="MMMEd">
							<greatestDifference id="d" draft="unconfirmed">E, MMM d – E, MMM d</greatestDifference>
							<greatestDifference id="M" draft="unconfirmed">E, MMM d – E, MMM d</greatestDifference>
						</intervalFormatItem>
						<intervalFormatItem id="yM">
							<greatestDifference id="M" draft="unconfirmed">M/y – M/y</greatestDifference>
							<greatestDifference id="y" draft="unconfirmed">M/y – M/y</greatestDifference>
						</intervalFormatItem>
						<intervalFormatItem id="yMd">
							<greatestDifference id="d" draft="unconfirmed">M/d/y – M/d/y</greatestDifference>
							<greatestDifference id="M" draft="unconfirmed">M/d/y – M/d/y</greatestDifference>
							<greatestDifference id="y" draft="unconfirmed">M/d/y – M/d/y</greatestDifference>
						</intervalFormatItem>
						<intervalFormatItem id="yMEd">
							<greatestDifference id="d" draft="unconfirmed">E, M/d/y – E, M/d/y</greatestDifference>
							<greatestDifference id="M" draft="unconfirmed">E, M/d/y – E, M/d/y</greatestDifference>
							<greatestDifference id="y" draft="unconfirmed">E, M/d/y – E, M/d/y</greatestDifference>
						</intervalFormatItem>
						<intervalFormatItem id="yMMMd">
							<greatestDifference id="d" draft="unconfirmed">MMM d – d, y</greatestDifference>
							<greatestDifference id="M" draft="unconfirmed">MMM d – MMM d, y</greatestDifference>
							<greatestDifference id="y" draft="unconfirmed">MMM d, y – MMM d, y</greatestDifference>
						</intervalFormatItem>
						<intervalFormatItem id="yMMMEd">
							<greatestDifference id="d" draft="unconfirmed">E, MMM d – E, MMM d, y</greatestDifference>
							<greatestDifference id="M" draft="unconfirmed">E, MMM d – E, MMM d, y</greatestDifference>
							<greatestDifference id="y" draft="unconfirmed">E, MMM d, y – E, MMM d, y</greatestDifference>
						</intervalFormatItem>
					</intervalFormats>
				</dateTimeFormats>
			</calendar>
		</calendars>
	</dates>
	<numbers>
		<currencies>
			<currency type="BZD">
				<symbol>$</symbol>
			</currency>
		</currencies>
	</numbers>
	<units>
		<unitLength type="narrow">
			<unit type="temperature-celsius">
				<unitPattern count="one">{0}°C</unitPattern>
				<unitPattern count="other">{0}°C</unitPattern>
			</unit>
			<unit type="temperature-fahrenheit">
				<unitPattern count="one">{0}°</unitPattern>
				<unitPattern count="other">{0}°</unitPattern>
			</unit>
		</unitLength>
	</units>
</ldml>

