<?xml version="1.0" encoding="UTF-8" ?>
<!DOCTYPE ldml SYSTEM "../../common/dtd/ldml.dtd">
<!-- Copyright © 1991-2015 Unicode, Inc.
CLDR data files are interpreted according to the LDML specification (http://unicode.org/reports/tr35/)
For terms of use, see http://www.unicode.org/copyright.html
-->
<ldml>
	<identity>
		<version number="$Revision: 11979 $"/>
		<language type="en"/>
		<territory type="CA"/>
	</identity>
	<dates>
		<calendars>
			<calendar type="chinese">
				<dateFormats>
					<dateFormatLength type="full">
						<dateFormat>
							<pattern>EEEE, MMMM d, r(U)</pattern>
						</dateFormat>
					</dateFormatLength>
					<dateFormatLength type="long">
						<dateFormat>
							<pattern>MMMM d, r(U)</pattern>
						</dateFormat>
					</dateFormatLength>
					<dateFormatLength type="medium">
						<dateFormat>
							<pattern>MMM d, r</pattern>
						</dateFormat>
					</dateFormatLength>
					<dateFormatLength type="short">
						<dateFormat>
							<pattern>r-MM-dd</pattern>
						</dateFormat>
					</dateFormatLength>
				</dateFormats>
				<dateTimeFormats>
					<availableFormats>
						<dateFormatItem id="Ed">d E</dateFormatItem>
						<dateFormatItem id="GyMMMd">MMM d, r</dateFormatItem>
						<dateFormatItem id="GyMMMEd">E, MMM d, r(U)</dateFormatItem>
						<dateFormatItem id="Md">MM-dd</dateFormatItem>
						<dateFormatItem id="MEd">E, MM-dd</dateFormatItem>
						<dateFormatItem id="MMMd">MMM d</dateFormatItem>
						<dateFormatItem id="MMMEd">E, MMM d</dateFormatItem>
						<dateFormatItem id="MMMMd">MMMM d</dateFormatItem>
						<dateFormatItem id="UMd">U-MM-dd</dateFormatItem>
						<dateFormatItem id="UMMMd">MMM d, U</dateFormatItem>
						<dateFormatItem id="yMd">r-MM-dd</dateFormatItem>
						<dateFormatItem id="yyyyM">r-MM</dateFormatItem>
						<dateFormatItem id="yyyyMd">r-MM-dd</dateFormatItem>
						<dateFormatItem id="yyyyMEd">E, r-MM-dd</dateFormatItem>
						<dateFormatItem id="yyyyMMMd">MMM d, r</dateFormatItem>
						<dateFormatItem id="yyyyMMMEd">E, MMM d, r(U)</dateFormatItem>
					</availableFormats>
					<intervalFormats>
						<intervalFormatItem id="Md">
							<greatestDifference id="d">MM-dd – MM-dd</greatestDifference>
							<greatestDifference id="M">MM-dd – MM-dd</greatestDifference>
						</intervalFormatItem>
						<intervalFormatItem id="MEd">
							<greatestDifference id="d">E, MM-dd – E, MM-dd</greatestDifference>
							<greatestDifference id="M">E, MM-dd – E, MM-dd</greatestDifference>
						</intervalFormatItem>
						<intervalFormatItem id="MMMd">
							<greatestDifference id="d">MMM d – d</greatestDifference>
							<greatestDifference id="M">MMM d – MMM d</greatestDifference>
						</intervalFormatItem>
						<intervalFormatItem id="MMMEd">
							<greatestDifference id="d">E, MMM d – E, MMM d</greatestDifference>
							<greatestDifference id="M">E, MMM d – E, MMM d</greatestDifference>
						</intervalFormatItem>
						<intervalFormatItem id="yM">
							<greatestDifference id="M">y-MM – y-MM</greatestDifference>
							<greatestDifference id="y">y-MM – y-MM</greatestDifference>
						</intervalFormatItem>
						<intervalFormatItem id="yMd">
							<greatestDifference id="d">y-MM-dd – y-MM-dd</greatestDifference>
							<greatestDifference id="M">y-MM-dd – y-MM-dd</greatestDifference>
							<greatestDifference id="y">y-MM-dd – y-MM-dd</greatestDifference>
						</intervalFormatItem>
						<intervalFormatItem id="yMEd">
							<greatestDifference id="d">E, y-MM-dd – E, y-MM-dd</greatestDifference>
							<greatestDifference id="M">E, y-MM-dd – E, y-MM-dd</greatestDifference>
							<greatestDifference id="y">E, y-MM-dd – E, y-MM-dd</greatestDifference>
						</intervalFormatItem>
						<intervalFormatItem id="yMMMd">
							<greatestDifference id="d">MMM d – d, U</greatestDifference>
							<greatestDifference id="M">MMM d – MMM d, U</greatestDifference>
							<greatestDifference id="y">MMM d, U – MMM d, U</greatestDifference>
						</intervalFormatItem>
						<intervalFormatItem id="yMMMEd">
							<greatestDifference id="d">E, MMM d – E, MMM d, U</greatestDifference>
							<greatestDifference id="M">E, MMM d – E, MMM d, U</greatestDifference>
							<greatestDifference id="y">E, MMM d, U – E, MMM d, U</greatestDifference>
						</intervalFormatItem>
					</intervalFormats>
				</dateTimeFormats>
			</calendar>
			<calendar type="generic">
				<dateFormats>
					<dateFormatLength type="full">
						<dateFormat>
							<pattern>EEEE, MMMM d, y G</pattern>
						</dateFormat>
					</dateFormatLength>
					<dateFormatLength type="long">
						<dateFormat>
							<pattern>MMMM d, y G</pattern>
						</dateFormat>
					</dateFormatLength>
					<dateFormatLength type="medium">
						<dateFormat>
							<pattern>MMM d, y G</pattern>
						</dateFormat>
					</dateFormatLength>
					<dateFormatLength type="short">
						<dateFormat>
							<pattern>GGGGG y-MM-dd</pattern>
						</dateFormat>
					</dateFormatLength>
				</dateFormats>
				<dateTimeFormats>
					<availableFormats>
						<dateFormatItem id="Ed">d E</dateFormatItem>
						<dateFormatItem id="GyMMMd">MMM d, y G</dateFormatItem>
						<dateFormatItem id="GyMMMEd">E, MMM d, y G</dateFormatItem>
						<dateFormatItem id="Md">MM-dd</dateFormatItem>
						<dateFormatItem id="MEd">E, MM-dd</dateFormatItem>
						<dateFormatItem id="MMMd">MMM d</dateFormatItem>
						<dateFormatItem id="MMMEd">E, MMM d</dateFormatItem>
						<dateFormatItem id="yyyyM">GGGGG y-MM</dateFormatItem>
						<dateFormatItem id="yyyyMd">GGGGG y-MM-dd</dateFormatItem>
						<dateFormatItem id="yyyyMEd">E, GGGGG y-MM-dd</dateFormatItem>
						<dateFormatItem id="yyyyMMMd">MMM d, y G</dateFormatItem>
						<dateFormatItem id="yyyyMMMEd">E, MMM d, y G</dateFormatItem>
					</availableFormats>
					<intervalFormats>
						<intervalFormatItem id="Md">
							<greatestDifference id="d">MM-dd – MM-dd</greatestDifference>
							<greatestDifference id="M">MM-dd – MM-dd</greatestDifference>
						</intervalFormatItem>
						<intervalFormatItem id="MEd">
							<greatestDifference id="d">E, MM-dd – E, MM-dd</greatestDifference>
							<greatestDifference id="M">E, MM-dd – E, MM-dd</greatestDifference>
						</intervalFormatItem>
						<intervalFormatItem id="MMMd">
							<greatestDifference id="d">MMM d – d</greatestDifference>
							<greatestDifference id="M">MMM d – MMM d</greatestDifference>
						</intervalFormatItem>
						<intervalFormatItem id="MMMEd">
							<greatestDifference id="d">E, MMM d – E, MMM d</greatestDifference>
							<greatestDifference id="M">E, MMM d – E, MMM d</greatestDifference>
						</intervalFormatItem>
						<intervalFormatItem id="yM">
							<greatestDifference id="M">GGGGG y-MM – y-MM</greatestDifference>
							<greatestDifference id="y">GGGGG y-MM – y-MM</greatestDifference>
						</intervalFormatItem>
						<intervalFormatItem id="yMd">
							<greatestDifference id="d">GGGGG y-MM-dd – y-MM-dd</greatestDifference>
							<greatestDifference id="M">GGGGG y-MM-dd – y-MM-dd</greatestDifference>
							<greatestDifference id="y">GGGGG y-MM-dd – y-MM-dd</greatestDifference>
						</intervalFormatItem>
						<intervalFormatItem id="yMEd">
							<greatestDifference id="d">E, y-MM-dd – E, y-MM-dd</greatestDifference>
							<greatestDifference id="M">E, y-MM-dd – E, y-MM-dd</greatestDifference>
							<greatestDifference id="y">E, y-MM-dd – E, y-MM-dd</greatestDifference>
						</intervalFormatItem>
						<intervalFormatItem id="yMMMd">
							<greatestDifference id="d">MMM d – d, y G</greatestDifference>
							<greatestDifference id="M">MMM d – MMM d, y G</greatestDifference>
							<greatestDifference id="y">MMM d, y – MMM d, y G</greatestDifference>
						</intervalFormatItem>
						<intervalFormatItem id="yMMMEd">
							<greatestDifference id="d">E, MMM d – E, MMM d, y G</greatestDifference>
							<greatestDifference id="M">E, MMM d – E, MMM d, y G</greatestDifference>
							<greatestDifference id="y">E, MMM d, y – E, MMM d, y G</greatestDifference>
						</intervalFormatItem>
					</intervalFormats>
				</dateTimeFormats>
			</calendar>
			<calendar type="gregorian">
				<dateFormats>
					<dateFormatLength type="full">
						<dateFormat>
							<pattern>EEEE, MMMM d, y</pattern>
						</dateFormat>
					</dateFormatLength>
					<dateFormatLength type="long">
						<dateFormat>
							<pattern>MMMM d, y</pattern>
						</dateFormat>
					</dateFormatLength>
					<dateFormatLength type="medium">
						<dateFormat>
							<pattern>MMM d, y</pattern>
						</dateFormat>
					</dateFormatLength>
					<dateFormatLength type="short">
						<dateFormat>
							<pattern>y-MM-dd</pattern>
						</dateFormat>
					</dateFormatLength>
				</dateFormats>
				<dateTimeFormats>
					<availableFormats>
						<dateFormatItem id="GyMMMd">MMM d, y G</dateFormatItem>
						<dateFormatItem id="GyMMMEd">E, MMM d, y G</dateFormatItem>
						<dateFormatItem id="Md">MM-dd</dateFormatItem>
						<dateFormatItem id="MEd">E, MM-dd</dateFormatItem>
						<dateFormatItem id="MMdd">MM-dd</dateFormatItem>
						<dateFormatItem id="MMMd">MMM d</dateFormatItem>
						<dateFormatItem id="MMMEd">E, MMM d</dateFormatItem>
						<dateFormatItem id="MMMMd">MMMM d</dateFormatItem>
						<dateFormatItem id="yM">y-MM</dateFormatItem>
						<dateFormatItem id="yMd">y-MM-dd</dateFormatItem>
						<dateFormatItem id="yMEd">E, y-MM-dd</dateFormatItem>
						<dateFormatItem id="yMMMd">MMM d, y</dateFormatItem>
						<dateFormatItem id="yMMMEd">E, MMM d, y</dateFormatItem>
					</availableFormats>
					<intervalFormats>
						<intervalFormatItem id="Md">
							<greatestDifference id="d">MM-dd – MM-dd</greatestDifference>
							<greatestDifference id="M">MM-dd – MM-dd</greatestDifference>
						</intervalFormatItem>
						<intervalFormatItem id="MEd">
							<greatestDifference id="d">E, MM-dd – E, MM-dd</greatestDifference>
							<greatestDifference id="M">E, MM-dd – E, MM-dd</greatestDifference>
						</intervalFormatItem>
						<intervalFormatItem id="MMMd">
							<greatestDifference id="d">MMM d – d</greatestDifference>
							<greatestDifference id="M">MMM d – MMM d</greatestDifference>
						</intervalFormatItem>
						<intervalFormatItem id="MMMEd">
							<greatestDifference id="d">E, MMM d – E, MMM d</greatestDifference>
							<greatestDifference id="M">E, MMM d – E, MMM d</greatestDifference>
						</intervalFormatItem>
						<intervalFormatItem id="yM">
							<greatestDifference id="M">y-MM – y-MM</greatestDifference>
							<greatestDifference id="y">y-MM – y-MM</greatestDifference>
						</intervalFormatItem>
						<intervalFormatItem id="yMd">
							<greatestDifference id="d">y-MM-dd – y-MM-dd</greatestDifference>
							<greatestDifference id="M">y-MM-dd – y-MM-dd</greatestDifference>
							<greatestDifference id="y">y-MM-dd – y-MM-dd</greatestDifference>
						</intervalFormatItem>
						<intervalFormatItem id="yMEd">
							<greatestDifference id="d">E, y-MM-dd – E, y-MM-dd</greatestDifference>
							<greatestDifference id="M">E, y-MM-dd – E, y-MM-dd</greatestDifference>
							<greatestDifference id="y">E, y-MM-dd – E, y-MM-dd</greatestDifference>
						</intervalFormatItem>
						<intervalFormatItem id="yMMMd">
							<greatestDifference id="d">MMM d – d, y</greatestDifference>
							<greatestDifference id="M">MMM d – MMM d, y</greatestDifference>
							<greatestDifference id="y">MMM d, y – MMM d, y</greatestDifference>
						</intervalFormatItem>
						<intervalFormatItem id="yMMMEd">
							<greatestDifference id="d">E, MMM d – E, MMM d, y</greatestDifference>
							<greatestDifference id="M">E, MMM d – E, MMM d, y</greatestDifference>
							<greatestDifference id="y">E, MMM d, y – E, MMM d, y</greatestDifference>
						</intervalFormatItem>
					</intervalFormats>
				</dateTimeFormats>
			</calendar>
		</calendars>
		<timeZoneNames>
			<zone type="Pacific/Honolulu">
				<short>
					<generic>HST</generic>
					<standard>HST</standard>
					<daylight>HDT</daylight>
				</short>
			</zone>
			<metazone type="Alaska">
				<short>
					<generic>AKT</generic>
					<standard>AKST</standard>
					<daylight>AKDT</daylight>
				</short>
			</metazone>
			<metazone type="America_Central">
				<short>
					<generic>CT</generic>
					<standard>CST</standard>
					<daylight>CDT</daylight>
				</short>
			</metazone>
			<metazone type="America_Eastern">
				<short>
					<generic>ET</generic>
					<standard>EST</standard>
					<daylight>EDT</daylight>
				</short>
			</metazone>
			<metazone type="America_Mountain">
				<short>
					<generic>MT</generic>
					<standard>MST</standard>
					<daylight>MDT</daylight>
				</short>
			</metazone>
			<metazone type="America_Pacific">
				<short>
					<generic>PT</generic>
					<standard>PST</standard>
					<daylight>PDT</daylight>
				</short>
			</metazone>
			<metazone type="Atlantic">
				<short>
					<generic>AT</generic>
					<standard>AST</standard>
					<daylight>ADT</daylight>
				</short>
			</metazone>
			<metazone type="Hawaii_Aleutian">
				<short>
					<generic>HAT</generic>
					<standard>HAST</standard>
					<daylight>HADT</daylight>
				</short>
			</metazone>
			<metazone type="Newfoundland">
				<short>
					<generic>NT</generic>
					<standard>NST</standard>
					<daylight>NDT</daylight>
				</short>
			</metazone>
		</timeZoneNames>
	</dates>
	<numbers>
		<currencies>
			<currency type="CAD">
				<symbol>$</symbol>
			</currency>
		</currencies>
	</numbers>
	<units>
		<unitLength type="short">
			<unit type="consumption-liter-per-kilometer">
				<unitPattern count="one">{0} L/km</unitPattern>
				<unitPattern count="other">{0} L/km</unitPattern>
			</unit>
			<unit type="consumption-liter-per-100kilometers">
				<displayName>L/100 km</displayName>
				<unitPattern count="one">{0} L/100 km</unitPattern>
				<unitPattern count="other">{0} L/100 km</unitPattern>
			</unit>
			<unit type="volume-megaliter">
				<displayName>ML</displayName>
				<unitPattern count="one">{0} ML</unitPattern>
				<unitPattern count="other">{0} ML</unitPattern>
			</unit>
			<unit type="volume-hectoliter">
				<displayName>hL</displayName>
				<unitPattern count="one">{0} hL</unitPattern>
				<unitPattern count="other">{0} hL</unitPattern>
			</unit>
			<unit type="volume-liter">
				<unitPattern count="one">{0} L</unitPattern>
				<unitPattern count="other">{0} L</unitPattern>
			</unit>
			<unit type="volume-deciliter">
				<displayName>dL</displayName>
				<unitPattern count="one">{0} dL</unitPattern>
				<unitPattern count="other">{0} dL</unitPattern>
			</unit>
			<unit type="volume-centiliter">
				<displayName>cL</displayName>
				<unitPattern count="one">{0} cL</unitPattern>
				<unitPattern count="other">{0} cL</unitPattern>
			</unit>
			<unit type="volume-milliliter">
				<displayName>mL</displayName>
				<unitPattern count="one">{0} mL</unitPattern>
				<unitPattern count="other">{0} mL</unitPattern>
			</unit>
		</unitLength>
		<unitLength type="narrow">
			<unit type="consumption-liter-per-kilometer">
				<displayName>L/km</displayName>
				<unitPattern count="one">{0}L/km</unitPattern>
				<unitPattern count="other">{0}L/km</unitPattern>
			</unit>
			<unit type="consumption-liter-per-100kilometers">
				<displayName>L/100km</displayName>
				<unitPattern count="one">{0}L/100km</unitPattern>
				<unitPattern count="other">{0}L/100km</unitPattern>
			</unit>
			<unit type="volume-megaliter">
				<displayName>ML</displayName>
				<unitPattern count="one">{0}ML</unitPattern>
				<unitPattern count="other">{0}ML</unitPattern>
			</unit>
			<unit type="volume-hectoliter">
				<displayName>hL</displayName>
				<unitPattern count="one">{0}hL</unitPattern>
				<unitPattern count="other">{0}hL</unitPattern>
			</unit>
			<unit type="volume-liter">
				<unitPattern count="one">{0}L</unitPattern>
				<unitPattern count="other">{0}L</unitPattern>
				<perUnitPattern>{0}/L</perUnitPattern>
			</unit>
			<unit type="volume-deciliter">
				<displayName>dL</displayName>
				<unitPattern count="one">{0}dL</unitPattern>
				<unitPattern count="other">{0}dL</unitPattern>
			</unit>
			<unit type="volume-centiliter">
				<displayName>cL</displayName>
				<unitPattern count="one">{0}cL</unitPattern>
				<unitPattern count="other">{0}cL</unitPattern>
			</unit>
			<unit type="volume-milliliter">
				<displayName>mL</displayName>
				<unitPattern count="one">{0}mL</unitPattern>
				<unitPattern count="other">{0}mL</unitPattern>
			</unit>
		</unitLength>
	</units>
</ldml>

