<?xml version="1.0" encoding="UTF-8" ?>
<!DOCTYPE ldml SYSTEM "../../common/dtd/ldml.dtd">
<!-- Copyright © 1991-2015 Unicode, Inc.
CLDR data files are interpreted according to the LDML specification (http://unicode.org/reports/tr35/)
For terms of use, see http://www.unicode.org/copyright.html
-->
<ldml>
	<identity>
		<version number="$Revision: 11914 $"/>
		<language type="uk"/>
	</identity>
	<metadata>
		<casingData>
			<casingItem type="calendar_field">lowercase</casingItem>
			<casingItem type="currencyName" override="true">lowercase</casingItem>
			<casingItem type="currencyName_count">lowercase</casingItem>
			<casingItem type="day_narrow">titlecase</casingItem>
			<casingItem type="era_abbr">titlecase</casingItem>
			<casingItem type="era_name">titlecase</casingItem>
			<casingItem type="key">lowercase</casingItem>
			<casingItem type="keyValue">lowercase</casingItem>
			<casingItem type="language" forceError="true">lowercase</casingItem>
			<casingItem type="metazone_long">lowercase</casingItem>
			<casingItem type="month_narrow">titlecase</casingItem>
			<casingItem type="relative">lowercase</casingItem>
			<casingItem type="territory">titlecase</casingItem>
			<casingItem type="variant">titlecase</casingItem>
			<casingItem type="zone_exemplarCity">titlecase</casingItem>
			<casingItem type="zone_long">lowercase</casingItem>
		</casingData>
	</metadata>
</ldml>
