<?xml version="1.0" encoding="UTF-8" ?>
<!DOCTYPE ldmlBCP47 SYSTEM "../../common/dtd/ldmlBCP47.dtd">
<!--
Copyright © 1991-2013 Unicode, Inc.
CLDR data files are interpreted according to the LDML specification (http://unicode.org/reports/tr35/)
For terms of use, see http://www.unicode.org/copyright.html
-->

<ldmlBCP47>
	<version number="$Revision: 11914 $" />
	<keyword>
		<key extension="t" name="m0" description="Transform extension mechanism" since="21">
			<type name="alaloc" description="American Library Association-Library of Congress" since="21"/>
			<type name="bgn" description="US Board on Geographic Names" since="21"/>
			<type name="buckwalt" description="Buckwalter Arabic transliteration system" since="22.1"/>
			<type name="din" description="Deutsches Institut für Normung" since="21"/>
			<type name="gost" description="Euro-Asian Council for Standardization, Metrology and Certification" since="21"/>
			<type name="iso" description="International Organization for Standardization" since="21"/>
			<type name="mcst" description="Korean Ministry of Culture, Sports and Tourism" since="21"/>
			<type name="satts" description="Standard Arabic Technical Transliteration System (SATTS)" since="22.1"/>
			<type name="ungegn" description="United Nations Group of Experts on Geographical Names" since="21"/>
		</key>
	</keyword>
</ldmlBCP47>
