<?xml version="1.0" encoding="UTF-8" ?>
<!DOCTYPE ldmlBCP47 SYSTEM "../../common/dtd/ldmlBCP47.dtd">
<!-- Copyright © 1991-2013 Unicode, Inc. CLDR data files are interpreted according to the LDML specification 
	(http://unicode.org/reports/tr35/) For terms of use, see http://www.unicode.org/copyright.html -->

<ldmlBCP47>
	<version number="$Revision: 12088 $" />
	<keyword>
		<key name="va" description="Common locale variant type key">
			<type name="posix" description="POSIX style locale variant" />
		</key>
		<key name="sd" description="Region subdivision">
			<type name="SUBDIVISION_CODE"
				description="Valid unicode_subdivision_subtag for the region subtag as specified in LDML, based on subdivisionContainment data in supplementalData, prefixed by the associated unicode_region_subtag" />
		</key>
	</keyword>
</ldmlBCP47>
